Time (s) Run #1,Voltage, Ch A (V) Run #1,Output Voltage, Ch O1 (V) Run #1,Output Current, Ch O1 (A) Run #1
0.000,0.002,-0.994,3.652E-4
0.001,0.002,-0.994,7.547E-5
0.002,0.002,-0.994,-1.302E-4
0.003,0.002,-0.994,1.470E-4
0.004,0.001,0.083,1.112E-4
0.006,0.002,1.001,1.792E-4
0.007,0.001,1.001,-1.431E-6
0.008,0.001,1.001,-2.768E-4
0.009,0.001,0.850,1.398E-4
0.010,0.001,-0.994,2.167E-4
0.011,0.002,-0.994,1.077E-4
0.012,0.002,-0.994,1.288E-5
0.013,0.002,-0.994,8.083E-5
0.015,0.001,0.228,3.437E-4
0.016,0.002,1.001,1.255E-4
0.017,0.001,1.001,-6.760E-5
0.018,0.001,1.001,-4.253E-4
0.019,0.001,0.704,3.491E-4
0.020,0.001,-0.994,1.238E-4
0.021,0.002,-0.994,5.673E-4
0.022,0.001,-0.994,1.288E-5
0.024,0.001,-0.994,1.828E-4
0.025,0.001,0.371,1.645E-5
0.026,0.001,1.001,-1.785E-4
0.027,0.001,1.001,-8.369E-5
0.028,0.001,1.001,-4.793E-5
0.029,0.001,0.563,-1.248E-4
0.030,0.001,-0.994,1.824E-5
0.031,0.001,-0.994,3.437E-4
0.032,0.001,-0.994,-2.858E-4
0.034,0.001,-0.994,3.008E-4
0.035,0.001,0.512,-3.323E-4
0.036,0.001,1.001,5.758E-5
0.037,0.001,1.001,-4.378E-4
0.038,0.001,1.001,1.559E-4
0.039,0.002,0.423,-3.645E-4
0.040,9.560E-4,-0.994,1.828E-4
0.041,8.937E-4,-0.994,2.990E-4
0.043,0.001,-0.994,5.937E-5
0.044,8.826E-4,-0.994,-2.142E-4
0.045,8.692E-4,0.654,-1.087E-4
0.046,6.134E-4,1.001,-4.288E-4
0.047,6.493E-4,1.001,1.846E-4
0.048,5.885E-4,1.001,-3.183E-5
0.049,0.001,0.277,-5.147E-4
0.050,9.184E-4,-0.994,-3.362E-5
0.052,6.866E-4,-0.994,4.653E-4
0.053,9.417E-4,-0.994,2.150E-4
0.054,0.001,-0.994,-9.442E-5
0.055,0.001,0.799,-3.555E-4
0.056,0.001,1.001,-1.037E-5
0.057,0.001,1.001,5.723E-6
0.058,0.001,1.001,-4.256E-5
0.059,0.001,0.134,-4.557E-4
0.060,0.001,-0.994,-3.394E-4
0.062,9.313E-4,-0.994,2.257E-4
0.063,0.001,-0.994,4.009E-4
0.064,0.001,-0.994,1.238E-4
0.065,0.001,0.941,2.507E-4
0.066,7.967E-4,1.001,-1.516E-4
0.067,0.001,1.001,1.041E-4
0.068,8.696E-4,1.001,-2.289E-5
0.069,0.001,-0.007,-1.892E-4
0.071,0.001,-0.994,2.361E-5
0.072,6.265E-4,-0.994,-2.679E-4
0.073,7.711E-4,-0.994,2.650E-4
0.074,0.001,-0.915,-1.159E-4
0.075,8.334E-4,1.001,-8.369E-5
0.076,8.325E-4,1.001,-3.251E-4
0.077,7.108E-4,1.001,-1.910E-4
0.078,0.001,1.001,-6.223E-5
0.080,6.138E-4,-0.148,-1.481E-4
0.081,9.050E-4,-0.994,3.026E-4
0.082,7.475E-4,-0.994,9.335E-5
0.083,0.001,-0.994,7.726E-5
0.084,0.001,-0.769,-1.069E-4
0.085,0.001,1.001,-9.800E-5
0.086,0.001,1.001,-2.733E-4
0.087,0.001,1.001,1.273E-4
0.088,0.001,1.001,-7.203E-4
0.090,0.001,-0.294,1.645E-5
0.091,0.001,-0.994,3.437E-4
0.092,0.001,-0.994,3.044E-4
0.093,0.001,-0.994,3.580E-4
0.094,0.001,-0.626,1.917E-4
0.095,9.426E-4,1.001,-1.964E-4
0.096,8.815E-4,1.001,-2.429E-4
0.097,7.352E-4,1.001,1.559E-4
0.099,8.079E-4,1.001,-2.647E-5
0.100,9.299E-4,-0.435,3.383E-4
0.101,7.719E-4,-0.994,-1.767E-4
0.102,7.837E-4,-0.994,2.471E-4
0.103,6.497E-4,-0.994,-1.338E-4
0.104,0.001,-0.486,1.291E-4
0.105,7.843E-4,1.001,-1.016E-4
0.106,9.055E-4,1.001,-1.534E-4
0.108,9.058E-4,1.001,-4.127E-4
0.109,0.001,1.001,-2.268E-4
0.110,0.001,-0.575,4.760E-4
0.111,9.062E-4,-0.994,-8.012E-5
0.112,0.001,-0.994,1.846E-4
0.113,0.001,-0.994,1.023E-4
0.114,9.673E-4,-0.342,-2.518E-4
0.115,0.001,1.001,-1.338E-4
0.116,6.390E-4,1.001,8.262E-5
0.118,0.001,1.001,-6.939E-5
0.119,0.001,1.001,4.242E-4
0.120,0.001,-0.721,-3.541E-5
0.121,0.001,-0.994,3.813E-4
0.122,0.001,-0.994,-1.302E-4
0.123,0.001,-0.994,-3.183E-5
0.124,0.001,-0.198,-1.753E-5
0.125,0.002,1.001,1.288E-5
0.127,0.001,1.001,-1.230E-4
0.128,0.001,1.001,-2.983E-4
0.129,0.001,1.001,-1.463E-4
0.130,0.001,-0.864,-2.947E-4
0.131,0.001,-0.994,1.935E-4
0.132,0.002,-0.994,2.114E-4
0.133,0.002,-0.994,2.525E-4
0.134,0.002,-0.057,-3.180E-4
0.136,0.002,1.001,-3.770E-4
0.137,0.001,1.001,6.653E-5
0.138,0.001,1.001,-3.899E-5
0.139,0.001,0.991,-1.087E-4
0.140,0.001,-0.994,4.081E-4
0.141,0.001,-0.994,-1.534E-4
0.142,0.001,-0.994,-1.931E-5
0.143,0.001,-0.994,2.632E-4
0.144,9.426E-4,0.083,-4.718E-4
0.146,0.001,1.001,-3.090E-4
0.147,0.001,1.001,1.649E-4
0.148,0.001,1.001,1.363E-4
0.149,0.001,0.848,-2.446E-4
0.150,0.001,-0.994,6.781E-4
0.151,0.001,-0.994,2.539E-5
0.152,0.001,-0.994,-1.395E-5
0.153,0.002,-0.994,5.011E-4
0.155,0.001,0.230,-6.760E-5
0.156,0.001,1.001,-2.285E-4
0.157,0.001,1.001,-8.584E-6
0.158,0.002,1.001,-5.022E-4
0.159,0.001,0.703,-2.607E-4
0.160,9.673E-4,-0.994,3.612E-5
0.161,7.720E-4,-0.994,1.685E-4
0.162,0.001,-0.994,3.795E-4
0.164,0.001,-0.994,8.799E-5
0.165,0.001,0.372,6.474E-5
0.166,0.002,1.001,-2.715E-4
0.167,0.001,1.001,5.580E-5
0.168,0.001,1.001,-7.117E-5
0.169,9.314E-4,0.562,6.474E-5
0.170,0.001,-0.994,-1.212E-4
0.171,0.001,-0.994,2.936E-4
0.172,7.724E-4,-0.994,-1.574E-5
0.174,0.001,-0.994,2.167E-4
0.175,9.064E-4,0.512,-3.394E-4
0.176,8.692E-4,1.001,4.864E-5
0.177,8.570E-4,1.001,-3.591E-4
0.178,0.001,1.001,2.346E-4
0.179,7.843E-4,0.422,2.146E-6
0.180,9.785E-4,-0.994,1.238E-4
0.181,5.772E-4,-0.994,6.692E-4
0.183,6.736E-4,-0.994,-3.680E-4
0.184,7.225E-4,-0.994,4.027E-4
0.185,9.297E-4,0.657,-1.212E-4
0.186,4.918E-4,1.001,-3.720E-5
0.187,7.343E-4,1.001,-2.482E-4
0.188,6.740E-4,1.001,-1.713E-4
0.189,7.469E-4,0.275,-3.555E-4
0.190,6.010E-4,-0.994,2.346E-4
0.192,6.493E-4,-0.994,4.081E-4
0.193,3.206E-4,-0.994,2.543E-4
0.194,6.851E-4,-0.994,-7.117E-5
0.195,3.329E-4,0.800,2.042E-4
0.196,3.686E-4,1.001,-2.858E-4
0.197,3.687E-4,1.001,-3.430E-4
0.198,8.859E-5,1.001,-8.012E-5
0.199,4.654E-4,0.134,-2.125E-4
0.200,3.080E-4,-0.994,1.917E-4
0.202,3.563E-4,-0.994,4.671E-4
0.203,1.982E-4,-0.994,5.386E-4
0.204,4.778E-4,-0.994,3.419E-4
0.205,5.150E-4,0.941,-1.624E-4
0.206,7.830E-4,1.001,-6.223E-5
0.207,2.236E-4,1.001,-2.647E-5
0.208,3.805E-4,1.001,-3.019E-4
0.209,5.392E-4,-0.006,3.366E-4
0.211,4.056E-4,-0.994,-3.720E-5
0.212,4.418E-4,-0.994,1.166E-4
0.213,4.419E-4,-0.994,-2.071E-4
0.214,5.150E-4,-0.912,-1.052E-4
0.215,4.908E-4,1.001,2.740E-4
0.216,3.811E-4,1.001,-3.720E-5
0.217,9.166E-4,1.001,2.718E-5
0.218,6.014E-4,1.001,-6.291E-4
0.220,6.249E-4,-0.152,1.810E-4
0.221,5.276E-4,-0.995,-5.093E-4
0.222,7.100E-4,-0.994,2.847E-4
0.223,7.104E-4,-0.994,1.041E-4
0.224,5.643E-4,-0.767,2.561E-4
0.225,4.178E-4,1.001,-3.126E-4
0.226,0.001,1.001,-3.019E-4
0.227,4.798E-4,1.001,-6.223E-5
0.228,6.855E-4,1.001,-5.522E-4
0.230,2.842E-4,-0.295,-1.516E-4
0.231,2.710E-4,-0.994,2.328E-4
0.232,2.101E-4,-0.994,1.363E-4
0.233,-9.445E-5,-0.994,3.348E-4
0.234,4.893E-4,-0.626,1.863E-4
0.235,4.542E-4,1.001,-7.296E-5
0.236,3.810E-4,1.001,3.079E-4
0.237,-8.789E-6,1.001,-3.019E-4
0.239,3.434E-4,1.001,-2.911E-4
0.240,5.269E-4,-0.435,-6.045E-5
0.241,3.447E-4,-0.994,6.728E-4
0.242,7.217E-4,-0.994,2.096E-4
0.243,3.939E-4,-0.994,3.026E-4
0.244,2.226E-4,-0.486,3.974E-4
0.245,2.831E-4,1.001,1.824E-5
0.246,3.928E-4,1.001,-1.534E-4
0.248,1.130E-4,1.001,-4.592E-4
0.249,3.924E-4,1.001,-5.329E-5
0.250,2.713E-4,-0.577,-4.972E-5
0.251,3.197E-4,-0.994,5.723E-6
0.252,1.981E-4,-0.994,-1.431E-6
0.253,3.560E-4,-0.994,-1.159E-4
0.254,1.129E-4,-0.340,1.524E-4
0.255,1.001E-4,1.001,-4.077E-5
0.256,2.704E-5,1.001,-3.541E-5
0.258,5.121E-5,1.000,-2.285E-4
0.259,-9.613E-6,1.001,6.831E-5
0.260,-8.282E-5,-0.723,-7.117E-5
0.261,-2.291E-4,-0.994,7.010E-5
0.262,1.862E-6,-0.994,-1.034E-4
0.263,3.897E-5,-0.994,1.238E-4
0.264,1.365E-4,-0.197,-1.931E-5
0.265,-4.593E-5,1.001,-3.899E-5
0.267,2.319E-6,1.001,-3.680E-4
0.268,5.115E-5,1.001,-4.592E-4
0.269,1.852E-4,1.001,-1.427E-4
0.270,3.943E-5,-0.864,-9.085E-5
0.271,-2.410E-4,-0.994,-1.574E-5
0.272,1.358E-4,-0.994,3.992E-4
0.273,-9.399E-6,-0.994,-1.821E-4
0.274,-1.437E-4,-0.057,-2.572E-4
0.276,-1.197E-4,1.001,4.474E-4
0.277,1.604E-4,1.001,-5.272E-4
0.278,-1.068E-4,1.001,-3.004E-5
0.279,2.457E-4,0.991,-2.893E-4
0.280,3.958E-5,-0.994,5.243E-4
0.281,7.559E-5,-0.994,-1.105E-4
0.282,2.625E-6,-0.994,9.871E-5
0.283,1.851E-4,-0.994,1.005E-4
0.284,2.725E-5,0.087,-9.442E-5
0.286,3.903E-5,1.001,-3.537E-4
0.287,9.995E-5,1.001,-1.964E-4
0.288,-9.473E-5,1.001,-1.499E-4
0.289,2.092E-4,0.845,-1.642E-4
0.290,3.195E-4,-0.994,-3.362E-5
0.291,4.294E-4,-0.994,-6.760E-5
0.292,3.932E-4,-0.994,-3.162E-4
0.293,4.783E-4,-0.994,1.112E-4
0.295,3.933E-4,0.231,6.831E-5
0.296,3.200E-4,1.001,1.238E-4
0.297,3.076E-4,1.001,-1.534E-4
0.298,7.094E-4,1.001,-5.129E-4
0.299,5.278E-4,0.702,2.418E-4
0.300,5.517E-4,-0.994,-1.516E-4
0.301,3.326E-4,-0.994,5.047E-4
0.302,7.632E-5,-0.994,-8.369E-5
0.304,4.166E-4,-0.994,1.506E-4
0.305,5.219E-5,0.372,-1.195E-4
0.306,2.583E-4,1.001,2.146E-6
0.307,5.023E-4,1.001,-2.947E-4
0.308,1.863E-4,1.001,-2.679E-4
0.309,5.161E-5,0.562,2.615E-4
0.310,6.966E-4,-0.994,2.024E-4
0.311,2.477E-4,-0.994,1.774E-4
0.312,8.829E-5,-0.994,8.799E-5
0.314,4.045E-4,-0.994,-3.899E-5
0.315,6.853E-4,0.512,-5.508E-5
0.316,5.277E-4,1.001,-3.394E-4
0.317,5.030E-4,1.001,-1.749E-4
0.318,6.490E-4,1.001,-4.181E-4
0.319,2.841E-4,0.419,-9.263E-5
0.320,3.806E-4,-0.994,-1.409E-4
0.321,6.731E-4,-0.994,9.335E-5
0.323,4.181E-4,-0.994,-3.591E-4
0.324,8.680E-4,-0.994,3.791E-5
0.325,6.987E-4,0.658,-1.356E-4
0.326,6.495E-4,1.001,1.756E-4
0.327,0.001,1.001,-3.108E-4
0.328,6.383E-4,1.001,3.026E-4
0.329,7.590E-4,0.274,-1.069E-4
0.330,0.001,-0.994,6.653E-5
0.332,6.875E-4,-0.994,3.970E-5
0.333,7.104E-4,-0.994,1.130E-4
0.334,0.001,-0.994,1.792E-4
0.335,8.086E-4,0.800,2.203E-4
0.336,9.177E-4,1.001,7.726E-5
0.337,7.840E-4,1.001,-4.664E-4
0.338,8.446E-4,1.001,3.920E-4
0.339,9.178E-4,0.134,2.006E-4
0.340,0.001,-0.994,-3.362E-5
0.342,0.001,-0.994,9.693E-5
0.343,9.795E-4,-0.994,2.811E-4
0.344,7.477E-4,-0.994,1.041E-4
0.345,9.175E-4,0.941,-1.931E-5
0.346,8.206E-4,1.001,-4.199E-4
0.347,8.812E-4,1.001,-4.771E-4
0.348,5.648E-4,1.001,-3.484E-4
0.349,6.614E-4,-0.007,-2.768E-4
0.351,5.764E-4,-0.994,7.511E-6
0.352,6.979E-4,-0.994,-1.534E-4
0.353,5.278E-4,-0.994,1.488E-4
0.354,6.613E-4,-0.910,2.897E-5
0.355,5.886E-4,1.001,8.083E-5
0.356,5.518E-4,1.001,-6.581E-5
0.357,3.082E-4,1.001,-8.369E-5
0.358,4.537E-4,1.001,-2.089E-4
0.360,6.445E-5,-0.153,3.509E-4
0.361,5.505E-4,-0.994,-1.574E-5
0.362,1.599E-5,-0.994,3.741E-4
0.363,2.338E-4,-0.994,1.738E-4
0.364,4.048E-4,-0.766,2.257E-4
0.365,2.957E-4,1.001,-1.037E-5
0.366,1.249E-4,1.001,-7.489E-4
0.367,3.924E-4,1.001,-7.117E-5
0.368,5.757E-4,1.001,-8.190E-5
0.370,4.057E-4,-0.295,1.810E-4
0.371,6.245E-4,-0.994,-4.503E-4
0.372,5.885E-4,-0.994,1.595E-4
0.373,3.570E-4,-0.994,1.291E-4
0.374,7.217E-4,-0.625,3.169E-4
0.375,8.444E-4,1.001,-1.910E-4
0.376,8.934E-4,1.001,-4.614E-5
0.377,8.448E-4,1.001,-1.427E-4
0.379,0.002,1.001,6.116E-5
0.380,7.132E-4,-0.435,8.262E-5
0.381,0.002,-0.994,2.793E-4
0.382,4.826E-4,-0.994,-2.715E-4
0.383,0.002,-0.994,-3.720E-5
0.384,0.002,-0.485,3.509E-4
0.385,0.001,1.001,-4.038E-4
0.386,0.001,1.001,-4.074E-4
0.388,0.002,1.001,-5.487E-4
0.389,0.002,1.001,-9.442E-5
0.390,0.001,-0.580,1.109E-5
0.391,0.002,-0.994,-4.614E-5
0.392,8.471E-4,-0.994,-1.034E-4
0.393,0.002,-0.994,-1.395E-5
0.394,4.943E-4,-0.338,-2.826E-5
0.395,0.003,1.001,-7.654E-5
0.396,2.406E-4,1.001,6.295E-5
0.398,0.002,1.001,-1.731E-4
0.399,0.001,1.001,3.612E-5
0.400,0.001,-0.724,-1.356E-4
0.401,2.250E-4,-0.994,2.668E-4
0.402,0.002,-0.994,-8.548E-5
0.403,1.658E-4,-0.994,6.653E-5
0.404,-8.240E-5,-0.197,-2.035E-4
0.405,8.424E-4,1.001,1.398E-4
0.407,6.986E-4,1.001,7.511E-6
0.408,-7.142E-4,1.001,-2.110E-5
0.409,1.346E-4,1.001,-1.481E-4
0.410,4.777E-4,-0.864,2.758E-4
0.411,-0.001,-0.994,-5.007E-6
0.412,-9.796E-5,-0.995,-1.338E-4
0.413,9.885E-4,-0.994,5.601E-4
0.414,-5.674E-4,-0.057,1.077E-4
0.416,-0.001,1.001,-4.217E-4
0.417,5.597E-4,1.001,-1.624E-4
0.418,-3.858E-4,1.001,5.758E-5
0.419,-8.509E-4,0.990,3.970E-5
0.420,3.656E-4,-0.994,4.760E-4
0.421,2.104E-4,-0.994,1.041E-4
0.422,-0.001,-0.994,2.436E-4
0.423,-3.904E-4,-0.994,7.904E-5
0.424,3.546E-4,0.088,-1.016E-4
0.426,-7.151E-4,1.001,-7.654E-5
0.427,-6.569E-4,1.001,-3.899E-5
0.428,-3.767E-4,1.001,-4.145E-4
0.429,-8.143E-4,0.843,-9.442E-5
0.430,-0.001,-0.994,4.135E-4
0.431,-3.290E-4,-0.994,-1.016E-4
0.432,-5.585E-4,-0.994,3.598E-4
0.433,-0.001,-0.994,5.816E-4
0.435,-5.724E-4,0.232,2.539E-5
0.436,-1.117E-5,1.001,1.466E-5
0.437,-6.308E-4,1.001,6.116E-5
0.438,-6.932E-4,1.001,-1.749E-4
0.439,-3.646E-4,0.702,4.135E-4
0.440,1.842E-4,-0.994,-6.760E-5
0.441,-5.329E-4,-0.994,4.081E-4
0.442,-2.325E-5,-0.994,3.509E-4
0.444,-9.503E-5,-0.994,2.454E-4
0.445,-3.266E-4,0.372,-1.660E-4
0.446,-5.585E-4,1.001,2.096E-4
0.447,1.593E-4,1.001,-1.964E-4
0.448,2.838E-6,1.001,-4.077E-5
0.449,5.115E-5,0.562,-1.212E-4
0.450,9.998E-5,-0.994,-4.288E-4
0.451,-1.191E-4,-0.994,-7.117E-5
0.452,-3.439E-5,-0.994,1.685E-4
0.454,1.363E-4,-0.994,1.649E-4
0.455,-8.246E-5,0.514,-1.427E-4
0.456,-3.430E-5,1.001,1.649E-4
0.457,4.285E-4,1.001,-3.090E-4
0.458,-2.084E-5,1.001,7.904E-5
0.459,3.677E-4,0.416,-4.253E-4
0.460,1.982E-4,-0.994,3.491E-4
0.461,5.387E-4,-0.994,1.720E-4
0.463,2.960E-4,-0.994,2.400E-4
0.464,3.198E-4,-0.994,-2.110E-5
0.465,1.541E-5,0.660,-3.752E-4
0.466,2.095E-4,1.001,-4.038E-4
0.467,1.613E-4,1.001,-3.609E-4
0.468,-9.338E-6,1.001,5.401E-5
0.469,-7.065E-5,0.274,-9.085E-5
0.470,-1.926E-4,-0.994,1.953E-4
0.472,-1.442E-4,-0.994,-1.931E-5
0.473,-1.562E-4,-0.994,1.649E-4
0.474,-1.684E-4,-0.994,2.615E-4
0.475,-4.607E-4,0.801,-2.468E-5
0.476,-6.075E-4,1.001,-2.339E-4
0.477,-3.035E-4,1.001,-4.682E-4
0.478,-2.053E-4,1.001,-1.463E-4
0.479,-1.685E-4,0.133,-1.216E-5
0.480,-1.016E-5,-0.994,1.595E-4
0.482,-2.411E-4,-0.994,-1.034E-4
0.483,-2.052E-4,-0.994,-1.856E-4
0.484,2.576E-4,-0.994,8.799E-5
0.485,1.857E-4,0.941,-1.230E-4
0.486,1.490E-4,1.001,6.831E-5
0.487,2.829E-4,1.001,-2.482E-4
0.488,1.980E-4,1.001,1.738E-4
0.489,1.125E-4,-0.009,2.972E-4
0.491,1.367E-4,-0.994,1.595E-4
0.492,6.116E-4,-0.994,3.258E-4
0.493,7.589E-4,-0.994,-8.548E-5
0.494,4.549E-4,-0.908,-2.289E-5
0.495,5.515E-4,1.001,-1.141E-4
0.496,8.440E-4,1.001,1.756E-4
0.497,4.916E-4,1.001,-1.928E-4
0.498,2.959E-4,1.001,4.328E-5
0.500,1.535E-5,-0.154,1.466E-5
0.501,8.427E-4,-0.994,4.296E-4
0.502,3.820E-4,-0.994,2.185E-4
0.503,1.860E-4,-0.994,1.577E-4
0.504,5.021E-4,-0.766,5.043E-5
0.505,7.708E-4,1.001,-4.879E-4
0.506,4.427E-4,1.001,8.799E-5
0.507,4.906E-4,1.001,-4.771E-4
0.508,4.664E-4,1.001,5.977E-4
0.510,3.601E-6,-0.295,7.547E-5
0.511,2.338E-4,-0.994,-4.077E-5
0.512,-4.568E-5,-0.994,4.582E-4
0.513,3.189E-4,-0.994,1.702E-4
0.514,2.102E-4,-0.626,-6.939E-5
0.515,6.118E-4,1.001,9.335E-5
0.516,-9.344E-5,1.001,-3.233E-4
0.517,1.240E-4,1.001,-2.733E-4
0.519,2.585E-4,1.001,2.539E-5
0.520,3.562E-4,-0.436,-5.007E-6
0.521,-2.767E-4,-0.994,3.795E-4
0.522,6.106E-4,-0.994,-2.554E-4
0.523,4.545E-4,-0.994,4.367E-4
0.524,2.349E-4,-0.481,-5.508E-5
0.525,4.292E-4,1.001,-3.895E-4
0.526,6.489E-4,1.001,-4.163E-4
0.528,2.476E-4,1.001,2.361E-5
0.529,3.683E-4,1.001,-3.180E-4
0.530,4.661E-4,-0.582,1.238E-4
0.531,3.080E-4,-0.994,1.935E-4
0.532,8.844E-5,-0.994,2.275E-4
0.533,1.483E-5,-0.994,2.400E-4
0.534,-5.841E-5,-0.338,5.222E-5
0.535,1.971E-4,1.001,-2.893E-4
0.536,1.003E-4,1.001,-5.469E-4
0.538,5.506E-4,1.001,1.130E-4
0.539,-9.360E-5,1.001,-3.966E-4
0.540,-4.651E-5,-0.724,1.989E-4
0.541,1.119E-4,-0.994,-1.141E-4
0.542,-1.678E-4,-0.994,6.084E-4
0.543,3.186E-4,-0.994,-1.195E-4
0.544,1.494E-4,-0.197,1.846E-4
0.545,4.777E-4,1.001,1.645E-5
0.547,4.542E-4,1.001,-1.177E-4
0.548,2.958E-4,1.001,-4.092E-4
0.549,5.876E-4,1.001,-1.856E-4
0.550,5.031E-4,-0.864,-8.584E-6
0.551,7.675E-5,-0.994,-1.574E-5
0.552,3.915E-5,-0.994,2.114E-4
0.553,1.487E-4,-0.994,3.795E-4
0.554,-2.651E-4,-0.056,2.203E-4
0.556,5.048E-5,1.001,-2.035E-4
0.557,-3.627E-4,1.001,-5.866E-5
0.558,-5.342E-4,1.001,-3.720E-5
0.559,-3.543E-5,0.986,1.524E-4
0.560,-2.777E-4,-0.994,3.598E-4
0.561,-8.350E-5,-0.994,4.474E-4
0.562,-3.996E-4,-0.994,-2.214E-4
0.563,-1.569E-4,-0.994,6.831E-5
0.564,-3.876E-4,0.090,2.150E-4
0.566,-7.048E-4,1.001,1.577E-4
0.567,-7.421E-4,1.001,-6.402E-5
0.568,-7.544E-4,1.001,-2.858E-4
0.569,-6.570E-4,0.843,8.441E-5
0.570,-2.549E-4,-0.994,-1.069E-4
0.571,-2.783E-4,-0.994,1.899E-4
0.572,-1.322E-4,-0.994,1.363E-4
0.573,2.646E-5,-0.994,5.547E-4
0.575,-5.698E-4,0.232,1.023E-4
0.576,-3.765E-4,1.001,8.620E-5
0.577,-4.612E-4,1.001,-3.233E-4
0.578,-8.395E-5,1.001,3.276E-4
0.579,-5.579E-4,0.702,-1.999E-4
0.580,-4.860E-4,-0.994,1.863E-4
0.581,-9.485E-4,-0.994,1.828E-4
0.582,-6.209E-4,-0.994,2.346E-4
0.584,-5.958E-4,-0.994,4.149E-5
0.585,-5.592E-4,0.372,2.811E-4
0.586,-8.391E-4,1.001,-4.861E-4
0.587,-4.015E-4,1.001,2.150E-4
0.588,-8.266E-4,1.001,-5.326E-4
0.589,-4.989E-4,0.561,-1.892E-4
0.590,-6.076E-4,-0.994,2.883E-4
0.591,-6.323E-4,-0.994,1.577E-4
0.592,-3.279E-4,-0.994,2.471E-4
0.594,-6.924E-4,-0.994,1.470E-4
0.595,-4.011E-4,0.517,2.561E-4
0.596,-2.786E-4,1.001,-1.552E-4
0.597,-5.584E-4,1.001,2.346E-4
0.598,-8.420E-5,1.001,-1.266E-4
0.599,-4.970E-4,0.415,6.116E-5
0.600,-1.084E-4,-0.994,-4.038E-4
0.601,-1.927E-4,-0.994,8.262E-5
0.603,-6.434E-4,-0.994,8.441E-5
0.604,-2.184E-4,-0.994,2.293E-4
0.605,-5.704E-4,0.660,-1.302E-4
0.606,-2.912E-4,1.001,5.580E-5
0.607,-3.514E-4,1.001,1.109E-5
0.608,-5.099E-4,1.001,-3.219E-6
0.609,-1.937E-4,0.274,-4.793E-5
0.610,-3.268E-4,-0.994,-1.677E-4
0.612,-9.579E-5,-0.994,2.704E-4
0.613,-1.561E-4,-0.994,1.309E-4
0.614,-5.459E-4,-0.994,3.884E-4
0.615,-1.451E-4,0.801,-1.534E-4
0.616,-2.902E-4,1.001,8.799E-5
0.617,1.478E-4,1.001,-1.892E-4
0.618,-4.590E-5,1.001,1.238E-4
0.619,-1.925E-4,0.133,-3.054E-4
0.620,1.968E-4,-0.994,3.330E-4
0.622,5.164E-5,-0.994,3.434E-5
0.623,-8.267E-5,-0.994,1.953E-4
0.624,-7.083E-5,-0.994,-5.866E-5
0.625,-1.682E-4,0.943,-2.321E-4
0.626,-3.024E-4,1.001,-1.606E-4
0.627,-2.297E-4,1.001,-6.939E-5
0.628,1.967E-4,1.001,1.466E-5
0.629,-1.432E-4,-0.012,-1.931E-5
0.631,-1.440E-4,-0.994,-9.800E-5
0.632,-1.010E-5,-0.994,-2.804E-4
0.633,-1.924E-4,-0.994,3.044E-4
0.634,-8.328E-5,-0.907,-3.484E-4
0.635,-1.439E-4,1.001,3.934E-6
0.636,-8.316E-5,1.001,2.203E-4
0.637,-2.657E-4,1.001,5.401E-5
0.638,-2.783E-4,1.001,-6.399E-4
0.640,-1.322E-4,-0.155,8.262E-5
0.641,-2.049E-4,-0.994,4.385E-4
0.642,-8.331E-5,-0.994,-4.614E-5
0.643,7.529E-5,-0.994,2.328E-4
0.644,-9.552E-6,-0.766,2.311E-4
0.645,1.459E-5,1.001,5.222E-5
0.646,9.988E-5,1.001,-2.214E-4
0.647,8.792E-5,1.001,-5.343E-4
0.648,-1.069E-4,1.001,-3.430E-4
0.650,1.483E-4,-0.296,1.273E-4
0.651,1.002E-4,-0.994,3.133E-4
0.652,-8.255E-5,-0.994,-8.369E-5
0.653,3.188E-4,-0.994,-1.964E-4
0.654,2.346E-4,-0.625,4.796E-4
0.655,3.440E-4,1.001,-3.662E-4
0.656,4.417E-4,1.001,-2.893E-4
0.657,3.323E-4,1.001,2.221E-4
0.659,3.564E-4,1.001,-1.445E-4
0.660,6.609E-4,-0.437,5.297E-4
0.661,1.989E-4,-0.994,5.011E-4
0.662,4.048E-4,-0.994,1.166E-4
0.663,6.433E-5,-0.994,5.401E-5
0.664,2.096E-4,-0.479,2.561E-4
0.665,6.240E-4,1.001,-4.181E-4
0.666,4.789E-4,1.001,-1.964E-4
0.668,2.593E-4,1.001,-8.012E-5
0.669,2.466E-4,1.001,-9.085E-5
0.670,3.805E-4,-0.583,1.774E-4
0.671,4.296E-4,-0.994,2.096E-4
0.672,3.445E-4,-0.994,-4.700E-4
0.673,4.782E-4,-0.994,-6.223E-5
0.674,4.055E-4,-0.337,-1.391E-4
0.675,2.592E-4,1.001,-8.548E-5
0.676,2.831E-4,1.001,2.024E-4
0.678,2.345E-4,1.001,-4.771E-4
0.679,1.978E-4,1.001,-4.793E-5
0.680,3.560E-4,-0.724,-2.053E-4
0.681,1.373E-4,-0.994,5.758E-5
0.682,1.495E-5,-0.994,1.238E-4
0.683,1.364E-4,-0.994,1.792E-4
0.684,1.002E-4,-0.196,3.791E-5
0.685,-1.556E-4,1.001,1.645E-5
0.687,-1.319E-4,1.001,-3.895E-4
0.688,-2.292E-4,1.001,-3.323E-4
0.689,-2.295E-4,1.001,-4.360E-4
0.690,3.306E-4,-0.864,3.992E-4
0.691,4.903E-4,-0.994,-1.534E-4
0.692,-2.642E-4,-0.994,4.045E-4
0.693,-5.911E-5,-0.994,-4.700E-4
0.694,-1.925E-4,-0.053,9.693E-5
0.696,1.115E-4,1.001,-1.785E-4
0.697,-3.381E-5,1.001,-3.931E-4
0.698,3.311E-4,1.001,1.971E-4
0.699,3.265E-6,0.985,-5.576E-4
0.700,2.703E-4,-0.994,2.364E-4
0.701,3.441E-4,-0.994,2.182E-5
0.702,-3.323E-5,-0.994,2.901E-4
0.703,-2.047E-4,-0.994,6.116E-5
0.704,2.698E-4,0.091,2.293E-4
0.706,4.415E-4,1.001,3.255E-5
0.707,1.740E-4,1.001,1.273E-4
0.708,2.951E-4,1.001,-2.500E-4
0.709,-2.891E-4,0.842,-1.195E-4
0.710,1.709E-6,-0.994,-2.035E-4
0.711,-3.141E-4,-0.994,2.650E-4
0.712,6.253E-5,-0.994,-8.584E-6
0.713,-8.264E-5,-0.994,3.616E-4
0.715,2.228E-6,0.232,1.756E-4
0.716,-3.409E-5,1.001,-1.069E-4
0.717,6.323E-5,1.001,-3.037E-4
0.718,5.130E-5,1.001,-2.393E-4
0.719,-1.192E-4,0.702,-3.555E-4
0.720,-2.049E-4,-0.994,5.580E-5
0.721,-8.331E-5,-0.994,-1.481E-4
0.722,-2.213E-5,-0.994,1.649E-4
0.724,-3.142E-4,-0.994,1.363E-4
0.725,-1.932E-4,0.372,-1.534E-4
0.726,-4.675E-5,1.001,-1.821E-4
0.727,-2.534E-4,1.001,-5.558E-4
0.728,-4.122E-4,1.001,2.221E-4
0.729,-2.178E-4,0.560,-1.248E-4
0.730,-3.269E-4,-0.994,4.993E-4
0.731,-2.663E-4,-0.994,2.539E-5
0.732,-2.539E-4,-0.994,1.077E-4
0.734,-5.583E-4,-0.994,-4.614E-5
0.735,-4.495E-4,0.519,2.954E-4
0.736,-1.570E-4,1.001,-4.628E-4
0.737,-5.946E-4,1.001,1.577E-4
0.738,-3.765E-4,1.001,-5.862E-4
0.739,-6.195E-4,0.414,-5.150E-5
0.740,-6.445E-4,-0.994,8.977E-5
0.741,-8.028E-4,-0.994,1.595E-4
0.743,-6.449E-4,-0.994,2.006E-4
0.744,-9.124E-4,-0.994,3.791E-5
0.745,-6.330E-4,0.661,-3.004E-5
0.746,-2.670E-4,1.001,2.539E-5
0.747,-6.558E-4,1.001,1.863E-4
0.748,-6.933E-4,1.001,-6.223E-5
0.749,-6.568E-4,0.273,1.452E-4
0.750,-4.741E-4,-0.994,-1.034E-4
0.752,-3.275E-4,-0.994,1.255E-4
0.753,-4.489E-4,-0.994,-2.289E-5
0.754,-6.197E-4,-0.994,-2.017E-4
0.755,-4.253E-4,0.801,-2.822E-4
0.756,-6.683E-4,1.001,-9.442E-5
0.757,-1.454E-4,1.001,1.774E-4
0.758,-5.215E-4,1.001,-1.177E-4
0.759,-2.668E-4,0.133,4.149E-5
0.760,-6.192E-4,-0.994,1.291E-4
0.762,-3.401E-4,-0.994,1.792E-4
0.763,-3.515E-4,-0.994,-9.621E-5
0.764,-3.272E-4,-0.994,3.884E-4
0.765,-1.810E-4,0.946,2.042E-4
0.766,1.116E-4,1.001,-1.105E-4
0.767,-4.843E-4,1.001,-2.625E-4
0.768,-6.320E-4,1.001,-1.034E-4
0.769,-6.003E-5,-0.014,-1.999E-4
0.771,-3.874E-4,-0.994,4.328E-5
0.772,-2.664E-4,-0.994,3.076E-5
0.773,-3.392E-4,-0.994,2.722E-4
0.774,-1.324E-4,-0.906,1.291E-4
0.775,-2.414E-4,1.001,-3.004E-5
0.776,-1.321E-4,1.001,-2.339E-4
0.777,-1.318E-4,1.001,-6.402E-5
0.778,-1.318E-4,1.001,2.418E-4
0.780,8.734E-5,-0.156,-2.214E-4
0.781,-1.678E-4,-0.994,-1.016E-4
0.782,-3.876E-4,-0.994,3.577E-7
0.783,-2.299E-4,-0.994,3.634E-4
0.784,-4.121E-4,-0.765,-1.803E-4
0.785,-1.569E-4,1.001,1.202E-4
0.786,1.360E-4,1.001,-3.913E-4
0.787,-2.286E-4,1.001,3.151E-4
0.788,-3.147E-4,1.001,-1.785E-4
0.790,-3.636E-4,-0.296,5.723E-6
0.791,-2.542E-4,-0.994,-2.160E-4
0.792,-1.808E-4,-0.994,2.024E-4
0.793,-9.543E-5,-0.994,1.899E-4
0.794,-3.433E-5,-0.624,2.507E-4
0.795,-7.071E-5,1.001,-6.045E-5
0.796,7.532E-5,1.001,-2.110E-5
0.797,-9.552E-6,1.001,3.577E-7
0.799,2.338E-4,1.001,-1.212E-4
0.800,6.390E-5,-0.441,1.466E-5
0.801,3.192E-4,-0.994,-7.475E-5
0.802,1.006E-4,-0.994,2.060E-4
0.803,7.211E-4,-0.994,-8.190E-5
0.804,1.747E-4,-0.478,5.637E-4
0.805,2.708E-4,1.001,-3.144E-4
0.806,2.223E-4,1.001,2.132E-4
0.808,3.074E-4,1.001,-3.716E-4
0.809,4.050E-4,1.001,1.645E-5
0.810,3.809E-4,-0.584,-4.256E-5
0.811,3.809E-4,-0.994,1.345E-4
0.812,2.104E-4,-0.994,-9.085E-5
0.813,4.170E-4,-0.994,7.389E-4
0.814,4.540E-4,-0.337,1.792E-4
0.815,1.132E-4,1.001,3.076E-5
0.816,4.289E-4,1.001,1.166E-4
0.818,1.375E-4,1.001,-8.906E-5
0.819,5.872E-4,1.001,-1.373E-4
0.820,5.762E-4,-0.724,-1.123E-4
0.821,6.476E-5,-0.994,3.562E-4
0.822,5.749E-4,-0.994,-5.866E-5
0.823,7.101E-4,-0.994,2.865E-4
0.824,6.496E-4,-0.196,-1.087E-4
0.825,0.001,1.001,3.970E-5
0.827,-4.577E-4,1.001,-3.198E-4
0.828,0.002,1.001,-2.110E-5
0.829,-0.004,1.001,-6.402E-5
0.830,0.003,-0.866,2.203E-4
0.831,-0.003,-0.994,7.547E-5
0.832,0.002,-0.994,1.702E-4
0.833,-0.004,-0.994,2.990E-4
0.834,0.004,-0.051,7.547E-5
0.836,-0.004,1.001,-6.792E-4
0.837,0.003,1.001,-3.001E-4
0.838,-0.003,1.001,-1.395E-5
0.839,0.003,0.983,3.076E-5
0.840,-0.002,-0.994,5.780E-4
0.841,0.002,-0.994,5.758E-5
0.842,-6.750E-4,-0.994,3.169E-4
0.843,-1.697E-4,-0.995,2.718E-5
0.844,7.204E-4,0.092,3.491E-4
0.846,-5.193E-4,1.001,1.488E-4
0.847,0.002,1.001,-3.233E-4
0.848,-0.002,1.001,-6.005E-4
0.849,0.003,0.842,-1.284E-4
0.850,-0.003,-0.995,1.023E-4
0.851,0.005,-0.994,-1.753E-5
0.852,-0.005,-0.994,3.330E-4
0.853,0.006,-0.994,-4.256E-5
0.855,-0.007,0.232,1.613E-4
0.856,0.007,1.001,2.078E-4
0.857,-0.007,1.001,-3.183E-5
0.858,0.008,1.001,-3.037E-4
0.859,-0.009,0.702,2.182E-5
0.860,0.009,-0.994,1.166E-4
0.861,-0.010,-0.994,-5.007E-6
0.862,0.009,-0.994,8.083E-5
0.864,-0.011,-0.994,-3.215E-4
0.865,0.010,0.375,-1.016E-4
0.866,-0.011,1.001,3.612E-5
0.867,0.010,1.001,-5.308E-4
0.868,-0.011,1.001,-1.964E-4
0.869,0.010,0.556,-1.302E-4
0.870,-0.011,-0.994,-1.785E-4
0.871,0.009,-0.994,-1.431E-6
0.872,-0.010,-0.994,3.866E-4
0.874,0.009,-0.994,4.313E-4
0.875,-0.010,0.520,-2.017E-4
0.876,0.008,1.001,8.620E-5
0.877,-0.009,1.001,-2.876E-4
0.878,0.007,1.001,-1.445E-4
0.879,-0.008,0.413,-3.108E-4
0.880,0.007,-0.994,1.416E-4
0.881,-0.008,-0.994,1.702E-4
0.883,0.006,-0.994,-1.624E-4
0.884,-0.007,-0.994,1.148E-4
0.885,0.004,0.661,-2.429E-4
0.886,-0.005,1.001,-2.142E-4
0.887,0.003,1.001,-2.679E-4
0.888,-0.004,1.001,-2.826E-5
0.889,0.002,0.273,-1.570E-4
0.890,-0.003,-0.994,2.132E-4
0.892,0.001,-0.994,9.514E-5
0.893,-0.002,-0.994,3.115E-4
0.894,-2.084E-4,-0.994,2.865E-4
0.895,2.089E-4,0.801,-1.660E-4
0.896,-0.002,1.001,-2.339E-4
0.897,0.001,1.001,2.758E-4
0.898,-0.004,1.001,1.109E-5
0.899,0.003,0.131,-9.979E-5
0.900,-0.005,-0.994,-7.117E-5
0.902,0.004,-0.995,4.864E-5
0.903,-0.006,-0.994,4.864E-5
0.904,0.005,-0.994,-3.219E-6
0.905,-0.006,0.947,-1.767E-4
0.906,0.005,1.001,1.094E-4
0.907,-0.007,1.001,4.349E-4
0.908,0.005,1.001,-3.502E-4
0.909,-0.007,-0.015,2.006E-4
0.911,0.005,-0.994,-4.972E-5
0.912,-0.007,-0.994,7.010E-5
0.913,0.004,-0.994,9.871E-5
0.914,-0.007,-0.905,-8.369E-5
0.915,0.004,1.001,1.109E-5
0.916,-0.005,1.001,-1.141E-4
0.917,0.003,1.001,2.901E-4
0.918,-0.005,1.001,-5.129E-4
0.920,0.003,-0.156,2.847E-4
0.921,-0.004,-0.994,-1.302E-4
0.922,0.002,-0.994,1.255E-4
0.923,-0.003,-0.994,7.010E-5
0.924,0.002,-0.765,-5.150E-5
0.925,-0.002,1.001,-4.467E-4
0.926,0.001,1.001,-2.750E-4
0.927,-0.001,1.001,5.047E-4
0.928,-1.341E-4,1.001,-3.698E-4
0.930,-3.442E-5,-0.296,1.899E-4
0.931,-0.001,-0.994,-2.468E-5
0.932,9.001E-4,-0.994,1.774E-4
0.933,-0.002,-0.994,1.466E-5
0.934,0.002,-0.621,-2.826E-5
0.935,-0.004,1.001,-5.969E-4
0.936,0.003,1.001,-8.906E-5
0.937,-0.005,1.001,-4.932E-4
0.939,0.003,1.001,-3.323E-4
0.940,-0.005,-0.442,-2.482E-4
0.941,0.004,-0.994,-1.320E-4
0.942,-0.005,-0.995,3.777E-4
0.943,0.003,-0.994,-7.475E-5
0.944,-0.004,-0.477,3.974E-4
0.945,0.003,1.001,2.167E-4
0.946,-0.004,1.001,-2.214E-4
0.948,0.002,1.001,-5.218E-4
0.949,-0.003,1.001,-1.964E-4
0.950,0.002,-0.584,-6.760E-5
0.951,-0.003,-0.994,3.580E-4
0.952,8.352E-4,-0.994,1.059E-4
0.953,-0.002,-0.994,2.579E-4
0.954,7.390E-4,-0.336,1.077E-4
0.955,-0.001,1.001,1.645E-5
0.956,1.449E-4,1.001,1.288E-5
0.958,1.367E-4,1.001,2.718E-5
0.959,-8.009E-4,1.001,-2.160E-4
0.960,6.580E-4,-0.725,-4.614E-5
0.961,-0.001,-0.995,2.146E-6
0.962,0.002,-0.994,-5.687E-5
0.963,-0.003,-0.994,7.547E-5
0.964,0.002,-0.196,2.203E-4
0.965,-0.003,1.001,5.723E-6
0.967,0.003,1.001,-5.329E-5
0.968,-0.003,1.001,-1.606E-4
0.969,0.003,1.001,-3.913E-4
0.970,-0.004,-0.870,1.488E-4
0.971,0.004,-0.994,3.616E-4
0.972,-0.004,-0.994,1.649E-4
0.973,0.004,-0.994,-1.910E-4
0.974,-0.004,-0.049,2.775E-4
0.976,0.004,1.001,-1.320E-4
0.977,-0.003,1.001,1.524E-4
0.978,0.004,1.001,1.881E-4
0.979,-0.003,0.982,-2.625E-4
0.980,0.003,-0.994,1.649E-4
0.981,-0.002,-0.994,2.257E-4
0.982,0.002,-0.994,2.539E-5
0.983,-0.002,-0.994,-3.537E-4
0.984,0.001,0.092,-4.435E-5
0.986,-8.959E-4,1.001,-2.625E-4
0.987,4.385E-4,1.001,6.831E-5
0.988,-2.156E-4,1.001,-1.034E-4
0.989,-1.320E-4,0.842,-3.502E-4
0.990,3.796E-4,-0.994,-5.329E-5
0.991,-6.420E-4,-0.994,5.315E-4
0.992,0.001,-0.994,1.166E-4
0.993,-0.001,-0.994,2.718E-5
0.995,0.002,0.233,-4.270E-4
0.996,-0.002,1.001,8.620E-5
0.997,0.002,1.000,-1.105E-4
0.998,-0.002,1.001,-1.946E-4
0.999,0.003,0.701,-3.215E-4
1.000,-0.003,-0.994,-3.931E-4
1.001,0.003,-0.994,-8.369E-5
1.002,-0.003,-0.994,-1.516E-4
1.004,0.003,-0.994,8.620E-5
1.005,-0.003,0.377,-8.012E-5
1.006,0.003,1.001,-2.285E-4
1.007,-0.003,1.001,6.653E-5
1.008,0.003,1.001,1.041E-4
1.009,-0.002,0.554,2.400E-4
1.010,0.002,-0.994,2.361E-5
1.011,-0.002,-0.994,4.135E-4
1.012,0.002,-0.994,3.330E-4
1.014,-0.001,-0.994,4.957E-4
1.015,8.998E-4,0.521,1.702E-4
1.016,-3.119E-4,1.001,2.293E-4
1.017,4.522E-4,1.001,-4.485E-4
1.018,-1.669E-4,1.001,-1.302E-4
1.019,-3.389E-4,0.413,-5.007E-6
1.020,8.539E-4,-0.994,-5.866E-5
1.021,-0.001,-0.994,-7.296E-5
1.023,9.861E-4,-0.994,1.059E-4
1.024,-0.001,-0.994,3.255E-5
1.025,0.001,0.662,-1.212E-4
1.026,-0.002,1.001,-3.591E-4
1.027,0.002,1.001,3.294E-4
1.028,-0.002,1.001,7.726E-5
1.029,0.002,0.273,-2.947E-4
1.030,-0.002,-0.994,1.416E-4
1.032,0.003,-0.994,1.828E-4
1.033,-0.003,-0.994,3.419E-4
1.034,0.002,-0.994,-3.752E-4
1.035,-0.002,0.803,-4.972E-5
1.036,0.002,1.001,3.934E-6
1.037,-0.002,1.001,-2.500E-4
1.038,0.002,1.001,-7.597E-4
1.039,-0.001,0.127,-8.584E-6
1.040,0.002,-0.994,4.864E-5
1.042,-0.001,-0.994,-5.329E-5
1.043,0.001,-0.994,1.381E-4
1.044,-7.133E-4,-0.994,9.514E-5
1.045,4.999E-4,0.949,1.917E-4
1.046,-5.077E-4,1.001,-1.588E-4
1.047,-1.450E-4,1.001,-3.358E-4
1.048,-1.562E-4,1.001,-6.434E-4
1.049,-7.164E-4,-0.015,3.544E-4
1.051,2.320E-4,-0.994,2.718E-5
1.052,-9.346E-4,-0.994,5.547E-4
1.053,0.001,-0.994,1.220E-4
1.054,-0.002,-0.905,4.349E-4
1.055,0.002,1.001,-6.045E-5
1.056,-0.001,1.001,-2.554E-4
1.057,0.001,1.001,2.182E-5
1.058,-0.002,1.001,-3.004E-5
1.060,0.002,-0.156,1.416E-4
1.061,-0.002,-0.994,1.881E-4
1.062,0.001,-0.994,1.971E-4
1.063,-0.003,-0.994,-4.793E-5
1.064,0.002,-0.765,2.901E-4
1.065,-0.002,1.001,-1.034E-4
1.066,0.001,1.001,5.758E-5
1.067,-0.002,1.001,-3.484E-4
1.068,7.890E-4,1.001,3.791E-5
1.070,-0.002,-0.297,5.758E-5
1.071,2.407E-4,-0.994,2.686E-4
1.072,-0.002,-0.994,-1.230E-4
1.073,1.934E-4,-0.994,3.612E-5
1.074,-5.572E-4,-0.619,2.382E-4
1.075,-5.591E-4,1.001,1.466E-5
1.076,-5.347E-4,1.001,-2.661E-4
1.077,-4.373E-4,1.001,-2.289E-5
1.079,4.032E-4,1.001,-1.052E-4
1.080,-0.001,-0.444,3.970E-5
1.081,1.175E-5,-0.994,2.364E-4
1.082,-0.002,-0.994,3.044E-4
1.083,8.631E-4,-0.994,-1.753E-5
1.084,-0.002,-0.476,-3.362E-5
1.085,0.001,1.001,-1.856E-4
1.086,-0.002,1.001,2.293E-4
1.088,9.594E-4,1.001,-3.323E-4
1.089,-0.002,1.001,-2.893E-4
1.090,7.401E-4,-0.585,4.864E-5
1.091,-0.002,-0.994,3.791E-5
1.092,0.001,-0.995,9.156E-5
1.093,-0.002,-0.994,6.116E-5
1.094,8.851E-4,-0.336,-8.369E-5
1.095,-0.002,1.001,-2.339E-4
1.096,7.043E-4,1.001,-3.305E-4
1.098,-0.002,1.001,1.989E-4
1.099,6.792E-4,1.001,-4.253E-4
1.100,-0.002,-0.725,9.335E-5
1.101,3.270E-4,-0.994,7.904E-5
1.102,-0.001,-0.994,2.060E-4
1.103,-4.752E-4,-0.994,-2.289E-5
1.104,-5.102E-4,-0.193,-2.468E-5
1.105,-2.058E-4,1.001,1.166E-4
1.107,3.063E-4,1.001,-2.826E-5
1.108,-0.001,1.001,-9.263E-5
1.109,4.501E-4,1.001,-2.178E-4
1.110,-0.002,-0.871,4.456E-4
1.111,3.028E-4,-0.994,-2.468E-5
1.112,-0.002,-0.994,-1.431E-6
1.113,1.074E-4,-0.994,-4.256E-5
1.114,-0.002,-0.048,3.934E-6
1.116,8.253E-4,1.001,-1.713E-4
1.117,-0.002,1.001,-2.053E-4
1.118,5.205E-4,1.001,3.076E-5
1.119,-0.002,0.982,-3.823E-4
1.120,9.592E-4,-0.994,6.281E-4
1.121,-0.002,-0.994,4.206E-4
1.122,0.001,-0.994,1.631E-4
1.123,-0.002,-0.994,2.919E-4
1.124,7.894E-4,0.093,2.539E-5
1.126,-0.002,1.001,-3.412E-4
1.127,8.860E-4,1.001,-1.677E-4
1.128,-0.001,1.001,-2.750E-4
1.129,0.001,0.841,3.276E-4
1.130,-7.987E-4,-0.994,-1.373E-4
1.131,6.214E-4,-0.994,2.632E-4
1.132,-3.369E-4,-0.994,-8.727E-5
1.133,2.594E-5,-0.994,2.132E-4
1.135,8.774E-5,0.233,-1.931E-5
1.136,-2.409E-4,1.001,1.109E-5
1.137,1.601E-4,1.001,-4.145E-4
1.138,-5.208E-4,1.001,-4.217E-4
1.139,0.001,0.697,2.275E-4
1.140,-8.839E-4,-0.994,2.006E-4
1.141,0.001,-0.994,8.977E-5
1.142,-0.001,-0.994,-3.090E-4
1.144,0.001,-0.994,9.335E-5
1.145,-0.001,0.379,2.146E-6
1.146,0.002,1.001,-1.427E-4
1.147,-0.001,1.001,-2.214E-4
1.148,0.001,1.001,-2.768E-4
1.149,-8.344E-4,0.554,-1.034E-4
1.150,0.002,-0.994,-5.329E-5
1.151,-9.911E-4,-0.994,7.010E-5
1.152,0.002,-0.994,2.114E-4
1.154,-8.087E-4,-0.994,3.276E-4
1.155,0.002,0.521,-4.077E-5
1.156,-9.434E-4,1.001,7.726E-5
1.157,0.002,1.001,-2.303E-4
1.158,-6.634E-4,1.001,1.774E-4
1.159,0.001,0.413,-2.035E-4
1.160,-1.898E-4,-0.994,3.795E-4
1.161,5.012E-4,-0.994,-1.892E-4
1.163,-1.302E-4,-0.994,1.971E-4
1.164,2.646E-5,-0.994,1.130E-4
1.165,1.468E-5,0.661,-2.858E-4
1.166,-1.680E-4,1.001,-2.786E-4
1.167,4.038E-4,1.001,-1.373E-4
1.168,-7.637E-4,1.001,-4.972E-5
1.169,8.894E-4,0.272,1.273E-4
1.170,-9.695E-4,-0.994,1.452E-4
1.172,0.001,-0.994,2.718E-5
1.173,-0.001,-0.994,2.686E-4
1.174,0.001,-0.994,-6.402E-5
1.175,-0.002,0.806,-2.053E-4
1.176,0.002,1.001,-3.627E-4
1.177,-0.002,1.001,-1.034E-4
1.178,0.001,1.001,-1.606E-4
1.179,-0.001,0.126,-2.429E-4
1.180,0.001,-0.994,1.645E-5
1.182,-0.001,-0.994,8.083E-5
1.183,0.001,-0.994,2.364E-4
1.184,-0.001,-0.994,-4.253E-4
1.185,0.001,0.949,-1.481E-4
1.186,-8.347E-4,1.001,-4.038E-4
1.187,9.988E-4,1.001,1.184E-4
1.188,-8.596E-4,1.001,-6.774E-4
1.189,7.309E-4,-0.016,2.150E-4
1.191,-3.367E-4,-0.994,5.565E-4
1.192,5.617E-4,-0.994,1.345E-4
1.193,-1.910E-4,-0.994,1.810E-4
1.194,-1.563E-4,-0.905,6.474E-5
1.195,4.648E-4,1.001,-1.574E-5
1.196,-5.443E-4,1.001,-7.185E-4
1.197,6.221E-4,1.001,1.130E-4
1.198,-9.214E-4,1.001,-3.752E-4
1.200,9.012E-4,-0.156,4.886E-4
1.201,-0.001,-0.994,-8.548E-5
1.202,7.907E-4,-0.994,1.291E-4
1.203,-0.002,-0.994,5.580E-5
1.204,9.233E-4,-0.763,1.899E-4
1.205,-0.002,1.001,-4.288E-4
1.206,0.001,1.001,-1.695E-4
1.207,-0.002,1.001,-1.445E-4
1.208,0.001,1.001,-2.053E-4
1.210,-0.002,-0.301,-3.183E-5
1.211,0.001,-0.994,3.419E-4
1.212,-0.001,-0.994,1.112E-4
1.213,7.053E-4,-0.994,4.403E-4
1.214,-0.001,-0.618,-4.793E-5
1.215,3.404E-4,1.001,-5.150E-5
1.216,-0.002,1.001,3.076E-5
1.217,3.759E-4,1.001,-1.677E-4
1.219,-0.001,1.001,2.042E-4
1.220,-1.102E-4,-0.444,-1.391E-4
1.221,-8.867E-4,-0.994,3.491E-4
1.222,-9.720E-5,-0.994,-1.534E-4
1.223,-6.797E-4,-0.994,4.027E-4
1.224,-3.280E-4,-0.476,-3.072E-4
1.225,-3.393E-4,1.001,5.222E-5
1.226,-6.438E-4,1.001,-1.552E-4
1.228,2.687E-4,1.001,3.223E-4
1.229,-9.954E-4,1.001,-4.879E-4
1.230,5.357E-4,-0.585,7.010E-5
1.231,-0.001,-0.994,-2.232E-4
1.232,8.521E-4,-0.994,2.718E-5
1.233,-0.001,-0.994,2.003E-5
1.234,9.978E-4,-0.336,1.381E-4
1.235,-0.002,1.001,-1.087E-4
1.236,0.001,1.001,8.262E-5
1.238,-0.001,1.001,-2.826E-5
1.239,0.001,1.001,-2.214E-4
1.240,-0.002,-0.726,2.006E-4
1.241,8.140E-4,-0.994,1.005E-4
1.242,-0.001,-0.994,5.222E-5
1.243,8.024E-4,-0.994,5.222E-5
1.244,-8.479E-4,-0.191,-1.499E-4
1.245,4.995E-4,1.001,-6.581E-5
1.247,-4.712E-4,1.001,-4.077E-5
1.248,5.492E-4,1.001,-7.833E-5
1.249,-4.711E-4,1.001,-1.928E-4
1.250,4.996E-5,-0.872,-2.607E-4
1.251,-2.288E-4,-0.994,-5.687E-5
1.252,7.492E-5,-0.994,1.685E-4
1.253,-1.191E-4,-0.994,3.151E-4
1.254,-3.266E-4,-0.047,-6.223E-5
1.256,8.685E-5,1.001,-1.552E-4
1.257,-5.088E-4,1.001,-1.516E-4
1.258,1.473E-4,1.001,5.758E-5
1.259,-9.104E-4,0.981,-3.680E-4
1.260,5.846E-4,-0.994,6.653E-5
1.261,-9.215E-4,-0.994,6.831E-5
1.262,9.986E-4,-0.994,4.507E-5
1.263,-0.001,-0.994,1.613E-4
1.264,0.001,0.093,-2.607E-4
1.266,-0.001,1.001,-2.679E-4
1.267,0.001,1.001,5.580E-5
1.268,-0.001,1.001,2.364E-4
1.269,0.001,0.841,5.222E-5
1.270,-0.001,-0.994,1.953E-4
1.271,7.782E-4,-0.994,-1.230E-4
1.272,-0.002,-0.994,1.381E-4
1.273,3.029E-4,-0.994,2.597E-4
1.275,-0.001,0.235,-1.821E-4
1.276,3.521E-4,1.001,3.577E-7
1.277,-0.001,1.001,-3.219E-6
1.278,1.338E-4,1.001,-3.287E-4
1.279,-5.817E-4,0.696,-3.090E-4
1.280,-1.120E-5,-0.994,3.884E-4
1.281,-4.116E-4,-0.994,-4.793E-5
1.282,-3.513E-5,-0.994,4.045E-4
1.284,-2.534E-4,-0.994,-1.052E-4
1.285,-5.827E-4,0.381,-1.981E-4
1.286,-2.338E-5,1.001,-1.856E-4
1.287,-4.603E-4,1.001,-2.500E-4
1.288,2.692E-4,1.001,-2.393E-4
1.289,-4.596E-4,0.553,-1.803E-4
1.290,7.319E-4,-0.994,-1.230E-4
1.291,-7.750E-4,-0.994,9.693E-5
1.292,9.016E-4,-0.994,4.474E-4
1.294,-7.868E-4,-0.994,3.383E-4
1.295,8.041E-4,0.521,-5.594E-4
1.296,-0.001,1.001,-1.284E-4
1.297,6.086E-4,1.001,7.547E-5
1.298,-0.001,1.001,-5.272E-4
1.299,8.514E-4,0.413,-3.645E-4
1.300,-0.002,-0.994,-1.302E-4
1.301,5.220E-4,-0.994,1.828E-4
1.303,-0.001,-0.994,-2.035E-4
1.304,5.955E-4,-0.994,-3.541E-5
1.305,-0.001,0.662,-4.467E-4
1.306,5.965E-4,1.001,-1.016E-4
1.307,-9.702E-4,1.001,-2.285E-4
1.308,-4.871E-5,1.001,2.418E-4
1.309,-6.674E-4,0.271,-2.826E-5
1.310,8.600E-5,-0.994,2.096E-4
1.312,-3.383E-4,-0.994,-5.397E-4
1.313,-2.298E-4,-0.994,5.655E-4
1.314,-2.173E-4,-0.994,2.364E-4
1.315,-8.870E-4,0.808,-4.181E-4
1.316,4.892E-5,1.001,-2.983E-4
1.317,-6.793E-4,1.001,-1.069E-4
1.318,-3.037E-4,1.001,-1.713E-4
1.319,-0.001,0.125,-2.768E-4
1.320,3.650E-4,-0.994,1.720E-4
1.322,-0.001,-0.994,2.471E-4
1.323,-7.315E-5,-0.994,3.934E-6
1.324,-0.001,-0.994,-2.303E-4
1.325,3.520E-4,0.950,-3.362E-5
1.326,-0.001,1.001,5.723E-6
1.327,5.106E-4,1.001,7.010E-5
1.328,-0.002,1.001,-1.856E-4
1.329,7.162E-4,-0.016,3.255E-5
1.331,-0.001,-0.994,2.919E-4
1.332,7.177E-4,-0.994,1.863E-4
1.333,-0.001,-0.994,1.720E-4
1.334,8.151E-4,-0.905,5.937E-5
1.335,-9.940E-4,1.001,1.327E-4
1.336,4.139E-4,1.001,-3.341E-4
1.337,-1.548E-4,1.001,9.335E-5
1.338,3.673E-4,1.001,-1.534E-4
1.340,-4.472E-4,-0.156,2.328E-4
1.341,3.179E-4,-0.994,-1.016E-4
1.342,-1.185E-4,-0.994,-5.007E-6
1.343,2.136E-6,-0.994,4.492E-4
1.344,-2.191E-5,-0.761,2.006E-4
1.345,1.729E-4,1.001,-1.230E-4
1.346,5.630E-4,1.001,2.972E-4
1.347,-2.397E-4,1.001,-2.196E-4
1.348,5.132E-4,1.001,-3.788E-4
1.350,-2.763E-4,-0.303,-8.369E-5
1.351,5.497E-4,-0.994,2.615E-4
1.352,-6.902E-4,-0.994,5.222E-5
1.353,6.582E-4,-0.994,5.043E-5
1.354,-3.369E-4,-0.617,3.076E-5
1.355,8.661E-4,1.001,-2.303E-4
1.356,-4.581E-4,1.001,-2.482E-4
1.357,9.998E-4,1.001,-2.464E-4
1.359,-7.135E-4,1.001,-3.698E-4
1.360,0.001,-0.445,4.188E-4
1.361,-5.064E-4,-0.994,-2.715E-4
1.362,0.001,-0.994,-1.037E-5
1.363,-4.083E-4,-0.994,9.299E-6
1.364,0.001,-0.476,3.612E-5
1.365,-5.182E-4,1.001,-2.446E-4
1.366,5.856E-4,1.001,4.149E-5
1.368,-2.153E-4,1.001,4.864E-5
1.369,3.428E-4,1.001,7.511E-6
1.370,-4.959E-4,-0.585,2.346E-4
1.371,-4.752E-5,-0.994,-7.833E-5
1.372,-1.682E-4,-0.994,2.275E-4
1.373,-1.563E-4,-0.994,-1.356E-4
1.374,-1.441E-4,-0.336,5.758E-5
1.375,-1.562E-4,1.001,-1.570E-4
1.376,8.728E-5,1.001,-3.037E-4
1.378,-9.228E-4,1.001,8.083E-5
1.379,1.462E-4,1.001,-1.302E-4
1.380,-6.791E-4,-0.730,4.313E-4
1.381,3.782E-4,-0.994,1.363E-4
1.382,-6.054E-4,-0.994,2.400E-4
1.383,2.079E-4,-0.994,3.723E-4
1.384,-0.001,-0.189,1.202E-4
1.385,3.037E-4,1.001,-1.034E-4
1.387,-0.001,1.001,-7.654E-5
1.388,5.229E-4,1.001,-3.004E-5
1.389,-0.001,1.001,-1.749E-4
1.390,3.157E-4,-0.873,-2.500E-4
1.391,-0.001,-0.994,3.934E-6
1.392,3.033E-4,-0.994,2.275E-4
1.393,-8.492E-4,-0.994,3.992E-4
1.394,7.336E-5,-0.047,-2.142E-4
1.396,-7.523E-4,1.001,-2.947E-4
1.397,-1.943E-4,1.001,-2.983E-4
1.398,-9.843E-4,1.001,2.704E-4
1.399,9.738E-5,0.981,-1.821E-4
1.400,-7.766E-4,-0.994,3.938E-4
1.401,-4.622E-4,-0.994,1.288E-5
1.402,-7.780E-4,-0.994,-1.677E-4
1.403,-4.744E-4,-0.994,7.067E-4
1.404,-1.936E-4,0.093,4.507E-5
1.406,-7.773E-4,1.001,1.466E-5
1.407,3.702E-5,1.001,-2.804E-4
1.408,-9.838E-4,1.001,-8.190E-5
1.409,-3.052E-8,0.840,-1.338E-4
1.410,-8.986E-4,-0.994,3.902E-4
1.411,3.671E-5,-0.994,3.437E-4
1.412,-9.838E-4,-0.994,9.299E-6
1.413,1.339E-4,-0.994,2.758E-4
1.415,-8.130E-4,0.238,-1.230E-4
1.416,1.343E-4,1.001,-8.548E-5
1.417,-9.105E-4,1.001,-3.680E-4
1.418,1.097E-4,1.001,-3.680E-4
1.419,-9.958E-4,0.694,1.255E-4
1.420,1.095E-4,-0.994,1.953E-4
1.421,-0.001,-0.994,-8.012E-5
1.422,-1.956E-4,-0.994,4.152E-4
1.424,-0.001,-0.994,8.620E-5
1.425,-1.097E-4,0.381,1.542E-4
1.426,-0.001,1.001,-1.087E-4
1.427,-1.347E-4,1.001,7.726E-5
1.428,-0.001,1.001,-2.554E-4
1.429,-3.290E-4,0.553,1.291E-4
1.430,-0.001,-0.994,-2.110E-5
1.431,-3.777E-4,-0.994,2.167E-4
1.432,-8.630E-4,-0.994,4.224E-4
1.434,-5.111E-4,-0.994,-2.357E-4
1.435,-5.711E-4,0.522,-3.541E-5
1.436,-4.861E-4,1.001,3.294E-4
1.437,1.340E-5,1.001,-2.289E-5
1.438,-4.237E-4,1.001,-4.110E-4
1.439,-7.169E-5,0.413,-3.219E-6
1.440,-7.162E-4,-0.994,-3.072E-4
1.441,2.076E-4,-0.994,1.702E-4
1.443,-0.001,-0.994,1.824E-5
1.444,2.069E-4,-0.994,1.327E-4
1.445,-3.258E-4,0.664,-2.500E-4
1.446,8.661E-4,1.001,-4.986E-4
1.447,-7.990E-4,1.001,-2.160E-4
1.448,2.683E-4,1.001,8.441E-5
1.449,-8.492E-4,0.267,1.559E-4
1.450,6.213E-4,-0.994,-2.929E-4
1.452,-6.657E-4,-0.994,2.668E-4
1.453,4.148E-4,-0.994,-9.263E-5
1.454,-4.349E-4,-0.994,2.718E-5
1.455,3.058E-4,0.809,-1.105E-4
1.456,-5.326E-4,1.001,1.059E-4
1.457,5.247E-4,1.001,-4.127E-4
1.458,-2.276E-4,1.001,8.262E-5
1.459,2.697E-4,0.124,-1.981E-4
1.460,-2.526E-4,-0.994,2.847E-4
1.462,3.914E-4,-0.994,-1.677E-4
1.463,-5.746E-5,-0.994,4.685E-5
1.464,8.752E-5,-0.994,1.881E-4
1.465,2.097E-4,0.951,-1.431E-6
1.466,5.167E-5,1.001,-1.427E-4
1.467,1.852E-4,1.001,-4.485E-4
1.468,-3.137E-4,1.001,-1.838E-4
1.469,1.721E-4,-0.016,-1.230E-4
1.471,-1.432E-4,-0.994,2.632E-4
1.472,5.135E-4,-0.994,-1.302E-4
1.473,-7.269E-4,-0.994,3.688E-4
1.474,1.954E-4,-0.905,9.514E-5
1.475,-5.694E-4,1.001,4.685E-5
1.476,4.150E-4,1.001,1.166E-4
1.477,-8.245E-4,1.001,1.756E-4
1.478,5.361E-4,1.001,-3.219E-6
1.480,-4.102E-4,-0.158,1.824E-5
1.481,4.154E-4,-0.994,1.881E-4
1.482,-9.463E-4,-0.994,1.309E-4
1.483,2.314E-4,-0.994,3.348E-4
1.484,-6.789E-4,-0.759,4.278E-4
1.485,2.564E-4,1.001,-5.665E-4
1.486,-0.001,1.001,8.799E-5
1.487,6.070E-5,1.001,-1.284E-4
1.488,-8.619E-4,1.001,-4.718E-4
1.490,1.464E-4,-0.304,1.577E-4
1.491,-3.260E-4,-0.994,2.203E-4
1.492,-3.491E-5,-0.994,1.166E-4
1.493,-2.655E-4,-0.994,-1.946E-4
1.494,-9.564E-5,-0.616,-3.720E-5
1.495,-4.651E-5,1.001,-4.986E-4
1.496,8.755E-5,1.001,5.043E-5
1.497,-3.387E-5,1.001,-1.695E-4
1.499,-2.168E-4,1.001,-1.216E-5
1.500,-1.564E-4,-0.445,-9.979E-5
1.501,-5.703E-4,-0.994,3.455E-4
1.502,1.106E-4,-0.994,1.041E-4
1.503,-8.131E-4,-0.994,1.720E-4
1.504,5.240E-4,-0.475,1.488E-4
1.505,-6.172E-4,1.001,-2.679E-4
1.506,7.394E-5,1.001,-3.394E-4
1.508,-4.601E-4,1.001,-1.695E-4
1.509,-5.960E-5,1.001,2.132E-4
1.510,-5.700E-4,-0.585,-6.760E-5
1.511,1.593E-4,-0.994,3.473E-4
1.512,-6.060E-4,-0.994,1.917E-4
1.513,9.833E-5,-0.994,1.828E-4
1.514,-6.183E-4,-0.333,3.705E-4
1.515,2.201E-4,1.001,-5.508E-5
1.516,-5.789E-5,1.001,5.222E-5
1.518,7.535E-5,1.001,-1.660E-4
1.519,2.340E-4,1.001,-2.289E-5
1.520,1.491E-4,-0.731,3.473E-4
1.521,-1.190E-4,-0.994,2.740E-4
1.522,-4.657E-5,-0.994,3.759E-4
1.523,-8.292E-5,-0.994,7.189E-5
1.524,-2.291E-4,-0.188,1.702E-4
1.525,-2.660E-4,1.001,-5.329E-5
1.527,-4.609E-4,1.001,9.514E-5
1.528,-3.762E-4,1.001,-2.589E-4
1.529,-2.177E-4,1.001,5.043E-5
1.530,-8.018E-4,-0.874,1.184E-4
1.531,-6.328E-4,-0.994,8.620E-5
1.532,-2.061E-4,-0.994,1.452E-4
1.533,-4.973E-4,-0.994,1.345E-4
1.534,-4.859E-4,-0.047,-6.760E-5
1.536,-7.050E-4,1.001,-2.697E-4
1.537,1.346E-4,1.001,8.620E-5
1.538,-4.478E-4,1.001,-1.767E-4
1.539,1.718E-4,0.981,9.693E-5
1.540,-6.060E-4,-0.994,-9.621E-5
1.541,2.527E-5,-0.994,4.328E-5
1.542,-7.768E-4,-0.994,5.043E-5
1.543,-1.578E-4,-0.994,2.024E-4
1.544,-8.503E-4,0.093,-7.296E-5
1.546,2.466E-5,1.001,-2.643E-4
1.547,-8.864E-4,1.001,-1.516E-4
1.548,-2.190E-4,1.001,-2.468E-5
1.549,-5.704E-4,0.838,1.416E-4
1.550,-3.643E-4,-0.994,-5.866E-5
1.551,-6.682E-4,-0.994,1.989E-4
1.552,7.382E-5,-0.994,-1.574E-5
1.553,-6.793E-4,-0.994,1.577E-4
1.555,-6.812E-4,0.239,-8.548E-5
1.556,-8.151E-4,1.001,1.148E-4
1.557,-6.084E-4,1.001,-3.180E-4
1.558,-4.496E-4,1.001,1.524E-4
1.559,-5.223E-4,0.693,-4.431E-4
1.560,-3.642E-4,-0.994,4.564E-4
1.561,-4.247E-4,-0.994,3.759E-4
1.562,-2.787E-4,-0.994,6.295E-5
1.564,-4.244E-4,-0.994,5.440E-4
1.565,-5.951E-5,0.381,-5.687E-5
1.566,-3.752E-4,1.001,-3.591E-4
1.567,1.598E-4,1.001,-2.589E-4
1.568,-7.034E-4,1.001,-4.646E-4
1.569,1.224E-4,0.552,2.042E-4
1.570,-5.695E-4,-0.994,4.528E-4
1.571,2.445E-4,-0.994,3.008E-4
1.572,-7.275E-4,-0.994,2.811E-4
1.574,2.807E-4,-0.994,-1.677E-4
1.575,-8.370E-4,0.522,-1.570E-4
1.576,1.586E-4,1.001,-2.107E-4
1.577,-7.156E-4,1.001,5.529E-4
1.578,-5.351E-4,1.001,1.041E-4
1.579,-8.147E-4,0.412,-5.150E-5
1.580,-3.162E-4,-0.994,4.009E-4
1.581,-8.264E-4,-0.994,1.506E-4
1.583,-3.284E-4,-0.994,2.436E-4
1.584,-8.020E-4,-0.994,2.436E-4
1.585,-7.302E-4,0.666,1.094E-4
1.586,-6.447E-4,1.001,-3.913E-4
1.587,-4.132E-4,1.001,1.631E-4
1.588,-7.292E-4,1.001,-1.534E-4
1.589,-4.134E-4,0.266,1.220E-4
1.590,-2.665E-4,-0.994,-1.159E-4
1.592,-5.705E-4,-0.994,3.097E-4
1.593,-2.547E-4,-0.994,-8.369E-5
1.594,-7.653E-4,-0.994,1.881E-4
1.595,-3.526E-4,0.810,-1.677E-4
1.596,-0.001,1.001,5.937E-5
1.597,-1.831E-4,1.001,6.295E-5
1.598,-9.356E-4,1.001,-4.503E-4
1.599,-4.017E-4,0.124,-1.212E-4
1.600,-7.292E-4,-0.994,1.059E-4
1.602,-3.403E-4,-0.994,2.883E-4
1.603,-8.751E-4,-0.994,2.203E-4
1.604,3.677E-5,-0.994,1.881E-4
1.605,-8.742E-4,0.951,-9.263E-5
1.606,-1.824E-4,1.001,-5.093E-4
1.607,-5.338E-4,1.001,1.824E-5
1.608,3.763E-5,1.001,1.005E-4
1.609,-7.524E-4,-0.017,-2.715E-4
1.611,2.076E-4,-0.994,-3.219E-6
1.612,-1.919E-4,-0.994,1.345E-4
1.613,1.846E-4,-0.994,-2.142E-4
1.614,5.161E-5,-0.904,2.847E-4
1.615,1.974E-4,1.001,-2.232E-4
1.616,-2.650E-4,1.001,-1.946E-4
1.617,-1.041E-5,1.001,-1.123E-4
1.618,3.068E-4,1.001,2.275E-4
1.620,1.538E-5,-0.161,-3.734E-4
1.621,2.582E-4,-0.994,2.078E-4
1.622,1.248E-4,-0.994,3.791E-5
1.623,-9.430E-6,-0.994,1.649E-4
1.624,-2.046E-4,-0.757,5.580E-5
1.625,2.333E-4,1.001,1.542E-4
1.626,-2.649E-4,1.001,-6.402E-5
1.627,1.479E-4,1.001,-4.396E-4
1.628,-3.372E-5,1.001,-8.584E-6
1.630,2.702E-4,-0.305,5.401E-5
1.631,1.979E-4,-0.994,3.831E-4
1.632,6.848E-4,-0.994,4.600E-4
1.633,1.259E-4,-0.994,2.114E-4
1.634,4.533E-4,-0.616,1.774E-4
1.635,1.375E-4,1.001,-5.844E-4
1.636,8.186E-4,1.001,8.441E-5
1.637,-7.690E-6,1.001,-3.770E-4
1.639,6.234E-4,1.001,1.720E-4
1.640,1.745E-4,-0.445,3.970E-5
1.641,5.386E-4,-0.994,1.059E-4
1.642,3.447E-4,-0.994,9.156E-5
1.643,8.853E-5,-0.994,2.042E-4
1.644,-3.992E-4,-0.476,-1.427E-4
1.645,5.014E-5,1.001,1.917E-4
1.646,-3.018E-4,1.001,-3.180E-4
1.648,-2.267E-5,1.001,-4.145E-4
1.649,-2.777E-4,1.001,-5.329E-5
1.650,-3.148E-4,-0.586,-3.072E-4
1.651,-2.906E-4,-0.994,7.904E-5
1.652,1.844E-4,-0.994,5.758E-5
1.653,1.855E-4,-0.994,3.366E-4
1.654,1.508E-5,-0.330,-1.052E-4
1.655,2.216E-4,1.001,5.043E-5
1.656,2.587E-4,1.001,-1.052E-4
1.658,2.466E-4,1.001,-1.516E-4
1.659,8.829E-5,1.001,-2.965E-4
1.660,2.340E-4,-0.733,2.361E-5
1.661,-2.162E-4,-0.994,5.780E-4
1.662,3.307E-4,-0.994,2.615E-4
1.663,-2.159E-4,-0.994,1.059E-4
1.664,1.602E-4,-0.187,2.740E-4
1.665,-1.798E-4,1.001,-9.085E-5
1.667,3.186E-4,1.001,-5.487E-4
1.668,-3.134E-4,1.001,-3.108E-4
1.669,6.592E-4,1.001,-8.548E-5
1.670,-6.897E-5,-0.874,3.866E-4
1.671,4.650E-4,-0.994,-1.216E-5
1.672,7.666E-5,-0.994,8.262E-5
1.673,5.133E-5,-0.994,-4.614E-5
1.674,-3.018E-4,-0.047,1.899E-4
1.676,1.478E-4,1.001,-9.263E-5
1.677,-1.555E-4,1.001,9.335E-5
1.678,7.510E-5,1.001,-6.148E-4
1.679,2.625E-6,0.981,1.077E-4
1.680,1.607E-4,-0.994,-1.177E-4
1.681,-5.451E-4,-0.994,2.454E-4
1.682,-7.199E-5,-0.994,7.726E-5
1.683,2.336E-4,-0.994,-2.786E-4
1.684,-9.439E-5,0.096,6.831E-5
1.686,-1.074E-4,1.001,-4.682E-4
1.687,2.944E-4,1.001,-1.212E-4
1.688,-8.206E-5,1.001,5.580E-5
1.689,-1.926E-4,0.835,-1.999E-4
1.690,2.942E-4,-0.994,-1.695E-4
1.691,-1.064E-4,-0.994,2.632E-4
1.692,2.701E-4,-0.994,2.293E-4
1.693,1.736E-4,-0.994,3.509E-4
1.695,-2.041E-4,0.241,7.726E-5
1.696,-3.268E-4,1.001,8.799E-5
1.697,-1.689E-4,1.001,1.524E-4
1.698,-6.190E-4,1.001,-4.199E-4
1.699,-1.574E-4,0.693,-3.323E-4
1.700,-3.754E-4,-0.994,2.096E-4
1.701,-5.939E-5,-0.994,2.718E-5
1.702,-4.239E-4,-0.994,2.543E-4
1.704,-2.298E-5,-0.994,1.953E-4
1.705,-5.090E-4,0.382,2.346E-4
1.706,7.422E-5,1.001,-2.429E-4
1.707,-8.261E-5,1.001,-1.302E-4
1.708,4.162E-4,1.001,-4.614E-5
1.709,-2.522E-4,0.552,2.182E-5
1.710,4.523E-4,-0.994,5.476E-4
1.711,3.202E-4,-0.994,3.491E-4
1.712,-1.429E-4,-0.994,1.917E-4
1.714,-7.098E-5,-0.994,-7.654E-5
1.715,-2.047E-4,0.522,-2.107E-4
1.716,2.455E-4,1.001,2.182E-5
1.717,-1.796E-4,1.001,1.381E-4
1.718,1.968E-4,1.001,-2.110E-5
1.719,-2.142E-5,0.409,1.935E-4
1.720,3.311E-4,-0.994,-1.141E-4
1.721,3.077E-4,-0.994,3.813E-4
1.723,1.737E-4,-0.994,3.670E-4
1.724,-1.311E-4,-0.994,4.507E-5
1.725,-1.805E-4,0.668,1.595E-4
1.726,-1.198E-4,1.001,-3.720E-5
1.727,2.091E-4,1.001,2.275E-4
1.728,-1.675E-4,1.001,-4.431E-4
1.729,2.334E-4,0.264,3.076E-5
1.730,-3.501E-4,-0.994,-2.285E-4
1.732,1.355E-4,-0.994,6.116E-5
1.733,-2.158E-5,-0.994,1.881E-4
1.734,6.477E-4,-0.994,-6.045E-5
1.735,-2.516E-4,0.810,2.146E-6
1.736,1.398E-5,1.001,-4.986E-4
1.737,-1.558E-4,1.001,-2.500E-4
1.738,3.065E-4,1.001,-2.017E-4
1.739,-3.986E-4,0.124,-1.874E-4
1.740,4.276E-4,-0.994,2.003E-5
1.742,-2.157E-4,-0.994,-1.516E-4
1.743,-3.269E-4,-0.994,-5.150E-5
1.744,-2.906E-4,-0.994,3.419E-4
1.745,-1.809E-4,0.951,1.899E-4
1.746,-3.146E-4,1.001,-8.906E-5
1.747,1.648E-6,1.001,-1.069E-4
1.748,-2.046E-4,1.001,-3.720E-5
1.749,-3.999E-4,-0.017,-3.001E-4
1.751,-4.126E-4,-0.994,7.368E-5
1.752,-5.465E-4,-0.994,1.184E-4
1.753,-3.155E-4,-0.994,3.884E-4
1.754,-4.245E-4,-0.900,3.366E-4
1.755,-3.396E-4,1.001,-2.768E-4
1.756,-8.142E-4,1.001,-1.445E-4
1.757,-1.944E-4,1.001,-2.929E-4
1.758,-0.001,1.001,-1.910E-4
1.760,-3.711E-5,-0.163,-2.983E-4
1.761,-7.526E-4,-0.994,-4.435E-5
1.762,-2.552E-4,-0.994,7.904E-5
1.763,-5.705E-4,-0.994,6.155E-4
1.764,-1.086E-4,-0.756,-1.695E-4
1.765,-4.484E-4,1.001,3.223E-4
1.766,-3.396E-4,1.001,-1.785E-4
1.767,-6.438E-4,1.001,-1.785E-4
1.768,1.300E-5,1.001,-2.768E-4
1.770,-7.038E-4,-0.305,7.726E-5
1.771,-3.586E-5,-0.994,1.667E-4
1.772,-2.412E-4,-0.994,2.543E-4
1.773,-3.148E-4,-0.994,-1.570E-4
1.774,-5.585E-4,-0.615,8.620E-5
1.775,-2.547E-4,1.001,-1.284E-4
1.776,-3.391E-4,1.001,5.222E-5
1.777,-5.464E-4,1.001,-1.195E-4
1.779,1.324E-5,1.001,-4.217E-4
1.780,3.900E-5,-0.445,4.617E-4
1.781,1.243E-4,-0.994,5.222E-5
1.782,-4.113E-4,-0.994,3.688E-4
1.783,2.815E-4,-0.994,-8.727E-5
1.784,-6.909E-4,-0.475,2.543E-4
1.785,-1.819E-4,1.001,-1.338E-4
1.786,-3.455E-5,1.001,-3.287E-4
1.788,-1.559E-4,1.001,-2.876E-4
1.789,-6.677E-4,1.001,-3.287E-4
1.790,-7.230E-5,-0.590,-3.877E-4
1.791,-4.970E-4,-0.994,-9.621E-5
1.792,1.960E-4,-0.994,4.492E-4
1.793,-7.398E-4,-0.994,-5.329E-5
1.794,6.146E-5,-0.328,2.436E-4
1.795,-1.922E-4,1.001,-4.038E-4
1.796,-1.076E-4,1.001,-2.536E-4
1.798,-5.214E-4,1.001,2.382E-4
1.799,2.325E-4,1.001,4.328E-5
1.800,-2.892E-4,-0.733,-1.034E-4
1.801,-4.700E-5,-0.994,1.130E-4
1.802,-5.213E-4,-0.994,3.831E-4
1.803,4.984E-5,-0.994,3.791E-5
1.804,-4.601E-4,-0.187,-5.934E-4
1.805,-1.089E-5,1.001,1.112E-4
1.807,7.547E-5,1.001,-2.607E-4
1.808,2.625E-6,1.001,6.116E-5
1.809,6.332E-5,1.001,-6.363E-4
1.810,-4.611E-5,-0.874,3.509E-4
1.811,-1.560E-4,-0.994,2.275E-4
1.812,-3.876E-4,-0.994,3.562E-4
1.813,3.059E-4,-0.994,-1.964E-4
1.814,1.250E-4,-0.047,-9.800E-5
1.816,-3.378E-5,1.001,-1.391E-4
1.817,-4.636E-5,1.001,-3.183E-5
1.818,3.798E-4,1.001,-1.516E-4
1.819,-2.036E-4,0.980,-2.142E-4
1.820,6.595E-4,-0.994,1.238E-4
1.821,-1.664E-4,-0.994,9.514E-5
1.822,-2.234E-5,-0.994,4.224E-4
1.823,2.380E-6,-0.994,2.203E-4
1.824,6.332E-5,0.098,-1.516E-4
1.826,-3.383E-4,1.001,-1.141E-4
1.827,4.399E-4,1.001,3.348E-4
1.828,-1.548E-4,1.001,-1.928E-4
1.829,1.725E-4,0.834,-2.679E-4
1.830,-4.842E-4,-0.994,1.109E-5
1.831,2.082E-4,-0.994,-1.016E-4
1.832,-2.040E-4,-0.994,3.920E-4
1.833,-1.807E-4,-0.994,-3.984E-4
1.835,-4.242E-4,0.242,1.077E-4
1.836,2.573E-5,1.001,-2.625E-4
1.837,-4.602E-4,1.001,-9.263E-5
1.838,1.961E-4,1.001,6.653E-5
1.839,-8.231E-5,0.692,-7.117E-5
1.840,-2.048E-4,-0.994,-1.892E-4
1.841,1.410E-5,-0.994,3.670E-4
1.842,7.553E-5,-0.994,2.632E-4
1.844,1.480E-5,-0.994,2.811E-4
1.845,8.771E-5,0.382,-1.677E-4
1.846,2.462E-4,1.001,4.027E-4
1.847,-1.065E-4,1.001,-4.056E-4
1.848,1.605E-4,1.001,-1.141E-4
1.849,-9.338E-6,0.552,-1.910E-4
1.850,5.112E-5,-0.994,-2.468E-5
1.851,-3.627E-4,-0.994,7.726E-5
1.852,2.694E-4,-0.994,-1.087E-4
1.854,-4.596E-4,-0.994,2.146E-6
1.855,2.326E-4,0.524,7.904E-5
1.856,-4.110E-4,1.001,-6.223E-5
1.857,4.641E-4,1.001,-2.303E-4
1.858,-1.303E-4,1.001,-3.183E-5
1.859,1.848E-4,0.407,8.262E-5
1.860,-3.867E-4,-0.994,1.577E-4
1.861,3.668E-4,-0.994,5.580E-5
1.863,-3.376E-4,-0.994,8.799E-5
1.864,5.008E-4,-0.994,4.600E-4
1.865,-6.937E-5,0.670,1.756E-4
1.866,2.661E-5,1.001,5.937E-5
1.867,-1.801E-4,1.001,3.133E-4
1.868,3.551E-4,1.001,3.970E-5
1.869,-6.055E-4,0.264,3.151E-4
1.870,-3.561E-5,-0.994,-2.468E-5
1.872,2.670E-5,-0.994,-4.256E-5
1.873,-3.506E-4,-0.994,4.743E-4
1.874,8.679E-5,-0.994,-1.588E-4
1.875,-3.139E-4,0.811,5.758E-5
1.876,-2.175E-4,1.001,-4.735E-4
1.877,-4.730E-4,1.001,-3.541E-5
1.878,-2.910E-4,1.001,-2.697E-4
1.879,-3.027E-4,0.123,1.846E-4
1.880,-2.784E-4,-0.995,7.010E-5
1.882,-6.558E-4,-0.994,7.726E-5
1.883,-1.819E-4,-0.994,2.006E-4
1.884,-7.895E-4,-0.994,1.989E-4
1.885,4.578E-7,0.951,-1.856E-4
1.886,-4.968E-4,1.001,-1.123E-4
1.887,-1.693E-4,1.001,1.363E-4
1.888,-5.703E-4,1.001,3.577E-7
1.889,4.150E-4,-0.018,5.580E-5
1.891,-3.983E-4,-0.994,8.977E-5
1.892,-5.945E-5,-0.994,5.029E-4
1.893,-3.143E-4,-0.994,1.041E-4
1.894,1.382E-5,-0.898,-1.016E-4
1.895,-5.089E-4,1.001,-3.841E-4
1.896,-3.537E-5,1.001,5.726E-4
1.897,-5.212E-4,1.001,-2.643E-4
1.898,3.766E-5,1.001,-1.695E-4
1.900,9.995E-5,-0.164,5.580E-5
1.901,-1.678E-4,-0.994,-1.803E-4
1.902,-1.928E-4,-0.994,-2.518E-4
1.903,-3.025E-4,-0.994,1.667E-4
1.904,-1.444E-4,-0.756,4.328E-5
1.905,1.238E-4,1.001,-5.844E-4
1.906,-1.312E-4,1.001,1.291E-4
1.907,-3.632E-4,1.001,4.864E-5
1.908,-1.689E-4,1.001,1.899E-4
1.910,-3.268E-4,-0.305,1.899E-4
1.911,-2.274E-5,-0.994,4.206E-4
1.912,-2.777E-4,-0.994,9.693E-5
1.913,3.670E-4,-0.994,-1.016E-4
1.914,-3.376E-4,-0.615,-2.607E-4
1.915,1.112E-4,1.001,1.828E-4
1.916,-3.382E-4,1.001,7.189E-5
1.917,1.964E-4,1.001,2.132E-4
1.919,1.856E-4,1.001,-2.110E-5
1.920,4.413E-4,-0.445,-3.899E-5
1.921,-2.035E-4,-0.994,-8.906E-5
1.922,4.646E-4,-0.994,1.631E-4
1.923,-5.728E-5,-0.994,-7.833E-5
1.924,6.720E-4,-0.473,3.741E-4
1.925,1.259E-4,1.001,-4.807E-4
1.926,1.732E-4,1.001,-4.253E-4
1.928,-2.772E-4,1.001,-2.268E-4
1.929,3.792E-4,1.001,-1.606E-4
1.930,3.992E-5,-0.592,1.434E-4
1.931,1.608E-4,-0.994,2.686E-4
1.932,-7.022E-5,-0.994,-9.085E-5
1.933,-3.509E-4,-0.994,-3.004E-5
1.934,-8.368E-5,-0.327,1.846E-4
1.935,6.311E-5,1.001,-1.052E-4
1.936,2.695E-5,1.001,2.883E-4
1.938,2.460E-4,1.001,-9.800E-5
1.939,-9.436E-5,1.001,-2.107E-4
1.940,3.066E-4,-0.734,3.577E-7
1.941,2.224E-4,-0.994,2.561E-4
1.942,-4.719E-4,-0.994,1.288E-5
1.943,-3.528E-5,-0.994,3.187E-4
1.944,-2.899E-4,-0.187,-1.999E-4
1.945,6.259E-5,1.001,-4.735E-4
1.947,-3.627E-4,1.001,-5.329E-5
1.948,-1.065E-5,1.001,3.076E-5
1.949,-1.315E-4,1.001,-5.558E-4
1.950,5.081E-5,-0.874,1.255E-4
1.951,-2.044E-4,-0.994,2.146E-6
1.952,1.846E-4,-0.994,4.063E-4
1.953,-5.798E-5,-0.994,2.060E-4
1.954,4.406E-4,-0.046,-1.964E-4
1.956,-2.278E-4,1.001,-1.177E-4
1.957,4.524E-4,1.001,-2.125E-4
1.958,-4.226E-4,1.001,5.401E-5
1.959,4.154E-4,0.976,-2.303E-4
1.960,-3.131E-4,-0.994,2.203E-4
1.961,-2.784E-4,-0.994,1.702E-4
1.962,-2.540E-4,-0.994,1.810E-4
1.963,2.210E-4,-0.994,-1.910E-4
1.964,1.517E-5,0.100,-1.695E-4
1.966,-6.551E-4,1.001,-2.589E-4
1.967,-1.575E-4,1.001,1.792E-4
1.968,-5.884E-5,1.001,-1.445E-4
1.969,-8.295E-5,0.833,-3.037E-4
1.970,-4.648E-5,-0.994,-3.362E-5
1.971,7.538E-5,-0.994,-2.393E-4
1.972,-2.531E-4,-0.994,3.777E-4
1.973,5.051E-5,-0.994,1.645E-5
1.975,-4.236E-4,0.242,2.740E-4
1.976,7.443E-5,1.001,-1.931E-5
1.977,-3.627E-4,1.001,9.514E-5
1.978,1.526E-6,1.001,-1.463E-4
1.979,-1.193E-4,0.692,-2.768E-4
1.980,-9.528E-5,-0.994,3.223E-4
1.981,-2.900E-4,-0.994,4.635E-4
1.982,2.452E-4,-0.994,1.953E-4
1.984,1.857E-4,-0.994,1.645E-5
1.985,2.830E-4,0.382,1.398E-4
1.986,-2.404E-4,1.001,-1.356E-4
1.987,4.767E-4,1.001,1.023E-4
1.988,2.472E-4,1.001,-1.159E-4
1.989,5.176E-5,0.551,3.580E-4
1.990,-1.192E-4,-0.994,4.671E-4
1.991,9.519E-4,-0.994,-2.464E-4
1.992,2.971E-4,-0.994,3.741E-4
1.994,4.050E-4,-0.994,2.114E-4
1.995,2.713E-4,0.527,1.398E-4
1.996,5.023E-4,1.001,-2.250E-4
1.997,-6.937E-5,1.001,1.238E-4
1.998,3.554E-4,1.001,-4.002E-4
1.999,6.000E-4,0.405,-1.677E-4
2.000,2.231E-4,-0.994,2.003E-5
2.001,4.048E-4,-0.994,5.762E-4
2.003,4.053E-4,-0.994,2.897E-5
2.004,7.462E-4,-0.994,1.756E-4
2.005,3.574E-4,0.670,-2.321E-4
2.006,6.487E-4,1.001,3.205E-4
2.007,4.059E-4,1.001,-2.285E-4
2.008,8.193E-4,1.001,-1.445E-4
2.009,8.972E-5,0.263,-1.552E-4
2.010,7.820E-4,-0.994,5.758E-5
2.012,-4.431E-5,-0.994,2.436E-4
2.013,8.669E-4,-0.994,1.863E-4
2.014,-9.280E-5,-0.994,1.041E-4
2.015,5.136E-4,0.811,1.220E-4
2.016,1.255E-4,1.001,3.473E-4
2.017,3.802E-4,1.001,1.005E-4
2.018,7.645E-5,1.001,5.043E-5
2.019,5.384E-4,0.123,-2.647E-5
2.020,1.255E-4,-0.994,1.649E-4
2.022,2.950E-4,-0.994,7.904E-5
2.023,5.024E-4,-0.994,3.205E-4
2.024,9.169E-4,-0.994,6.653E-5
2.025,4.674E-4,0.953,5.580E-5
2.026,4.907E-4,1.001,3.791E-5
2.027,4.907E-4,1.001,-2.446E-4
2.028,1.985E-4,1.001,-4.843E-4
2.029,2.465E-4,-0.022,5.222E-5
2.031,-3.348E-5,-0.994,1.702E-4
2.032,9.278E-4,-0.994,-1.785E-4
2.033,3.457E-4,-0.994,4.045E-4
2.034,4.295E-4,-0.897,5.401E-5
2.035,2.714E-4,1.001,1.685E-4
2.036,4.536E-4,1.001,1.774E-4
2.037,-1.060E-4,1.001,5.222E-5
2.038,5.745E-4,1.001,-1.395E-5
2.040,4.788E-4,-0.165,-2.339E-4
2.041,6.612E-4,-0.994,4.278E-4
2.042,1.380E-4,-0.994,7.189E-5
2.043,5.020E-4,-0.994,4.135E-4
2.044,2.229E-4,-0.755,1.506E-4
2.045,3.318E-4,1.001,-9.621E-5
2.046,-1.916E-4,1.001,-6.223E-5
2.047,5.134E-4,1.001,-5.508E-5
2.048,2.960E-4,1.001,-3.090E-4
2.050,2.224E-4,-0.306,-1.910E-4
2.051,1.369E-4,-0.994,7.010E-5
2.052,5.751E-4,-0.994,3.920E-4
2.053,4.788E-4,-0.994,1.466E-5
2.054,3.324E-4,-0.615,2.936E-4
2.055,4.416E-4,1.001,-5.540E-4
2.056,4.906E-4,1.001,-1.785E-4
2.057,4.907E-4,1.001,-1.395E-5
2.059,2.472E-4,1.001,8.262E-5
2.060,3.196E-4,-0.447,-5.007E-6
2.061,-8.200E-5,-0.994,1.595E-4
2.062,1.362E-4,-0.994,3.970E-5
2.063,-7.028E-5,-0.994,-1.391E-4
2.064,4.771E-4,-0.470,2.775E-4
2.065,-2.072E-5,1.001,-3.734E-4
2.066,2.703E-4,1.001,1.202E-4
2.068,7.617E-5,1.001,5.043E-5
2.069,3.801E-4,1.001,-8.190E-5
2.070,-1.427E-4,-0.593,9.693E-5
2.071,4.283E-4,-0.994,3.974E-4
2.072,-8.173E-5,-0.994,2.897E-5
2.073,2.214E-4,-0.994,2.954E-4
2.074,-1.918E-4,-0.327,5.043E-5
2.075,-1.198E-4,1.001,1.863E-4
2.076,-3.510E-4,1.001,-3.215E-4
2.078,-2.542E-4,1.001,-1.338E-4
2.079,-6.436E-4,1.001,-3.108E-4
2.080,-9.659E-5,-0.734,4.367E-4
2.081,-4.849E-4,-0.994,-1.212E-4
2.082,-4.128E-4,-0.994,1.542E-4
2.083,-3.517E-4,-0.994,-5.866E-5
2.084,-4.368E-4,-0.187,2.418E-4
2.085,-8.875E-4,1.001,-5.007E-6
2.087,-6.938E-4,1.001,1.645E-5
2.088,-4.133E-4,1.001,-3.305E-4
2.089,-4.004E-4,1.001,-7.296E-5
2.090,-5.830E-4,-0.874,-1.838E-4
2.091,-1.938E-4,-0.994,7.511E-6
2.092,-5.216E-4,-0.994,3.705E-4
2.093,-5.225E-4,-0.994,1.166E-4
2.094,-2.059E-4,-0.044,1.273E-4
2.096,-3.755E-4,1.000,1.667E-4
2.097,1.495E-6,1.001,-5.415E-4
2.098,-5.333E-4,1.001,-1.266E-4
2.099,1.229E-4,0.975,4.313E-4
2.100,-6.426E-4,-0.994,-6.045E-5
2.101,-3.401E-4,-0.994,2.686E-4
2.102,-6.925E-4,-0.994,6.474E-5
2.103,-5.107E-4,-0.994,4.510E-4
2.104,-4.007E-4,0.101,-3.899E-5
2.106,2.206E-4,1.001,-1.409E-4
2.107,-9.186E-6,1.001,-2.268E-4
2.108,1.972E-4,1.001,-2.947E-4
2.109,-2.406E-4,0.832,-2.625E-4
2.110,-1.443E-4,-0.994,3.544E-4
2.111,-2.293E-4,-0.994,3.151E-4
2.112,3.550E-4,-0.994,-3.004E-5
2.113,-2.402E-4,-0.994,1.899E-4
2.115,2.941E-4,0.242,-3.591E-4
2.116,-2.647E-4,1.001,-1.230E-4
2.117,-1.200E-4,1.001,-1.534E-4
2.118,-4.484E-4,1.001,6.116E-5
2.119,3.784E-5,0.692,-2.125E-4
2.120,-2.045E-4,-0.994,5.458E-4
2.121,-1.807E-4,-0.994,4.546E-4
2.122,9.940E-5,-0.994,1.559E-4
2.124,2.706E-4,-0.994,-1.141E-4
2.125,3.113E-6,0.383,3.079E-4
2.126,9.985E-5,1.001,-2.110E-5
2.127,2.827E-4,1.001,-6.045E-5
2.128,3.319E-4,1.001,-5.326E-4
2.129,2.590E-4,0.550,1.363E-4
2.130,-3.379E-4,-0.994,2.507E-4
2.131,-9.583E-5,-0.994,-4.435E-5
2.132,-3.509E-4,-0.994,-2.089E-4
2.134,-2.298E-4,-0.994,-6.581E-5
2.135,-3.026E-4,0.528,1.381E-4
2.136,2.696E-4,1.001,-7.296E-5
2.137,-5.083E-4,1.001,1.148E-4
2.138,-9.625E-5,1.001,-3.899E-5
2.139,-1.926E-4,0.404,9.871E-5
2.140,1.115E-4,-0.994,1.466E-5
2.141,-9.460E-6,-0.994,1.381E-4
2.143,5.869E-4,-0.994,2.525E-4
2.144,7.697E-5,-0.994,3.670E-4
2.145,5.627E-4,0.671,-1.230E-4
2.146,4.037E-5,1.001,-4.614E-5
2.147,1.730E-4,1.001,-7.296E-5
2.148,3.316E-4,1.001,1.881E-4
2.149,5.877E-4,0.263,-1.356E-4
2.150,7.345E-4,-0.994,-2.089E-4
2.152,5.766E-4,-0.994,6.474E-5
2.153,3.813E-4,-0.994,7.189E-5
2.154,4.661E-4,-0.994,2.539E-5
2.155,5.394E-4,0.811,-2.822E-4
2.156,4.056E-4,1.001,-9.085E-5
2.157,5.027E-4,1.001,-4.077E-5
2.158,2.472E-4,1.001,1.824E-5
2.159,8.554E-4,0.123,-3.541E-5
2.160,2.116E-4,-0.994,6.155E-4
2.162,5.387E-4,-0.994,9.156E-5
2.163,3.934E-4,-0.994,1.273E-4
2.164,4.783E-4,-0.994,7.264E-4
2.165,7.669E-5,0.955,-1.552E-4
2.166,8.793E-4,1.001,2.897E-5
2.167,5.282E-4,1.001,-1.463E-4
2.168,0.001,1.001,3.008E-4
2.169,5.894E-4,-0.023,2.024E-4
2.171,0.001,-0.994,6.831E-5
2.172,7.118E-4,-0.994,3.934E-6
2.173,0.001,-0.994,2.901E-4
2.174,8.580E-4,-0.896,2.579E-4
2.175,0.001,1.001,3.455E-4
2.176,0.001,1.001,-3.806E-4
2.177,9.547E-4,1.001,1.702E-4
2.178,0.001,1.001,-4.324E-4
2.180,0.001,-0.166,-1.016E-4
2.181,4.681E-4,-0.994,-2.733E-4
2.182,7.951E-4,-0.994,4.224E-4
2.183,0.001,-0.994,3.902E-4
2.184,7.112E-4,-0.755,4.904E-4
2.185,7.957E-4,1.001,-9.979E-5
2.186,7.107E-4,1.001,-3.537E-4
2.187,9.905E-4,1.001,-8.584E-6
2.188,8.207E-4,1.001,-2.572E-4
2.190,8.081E-4,-0.306,1.363E-4
2.191,7.107E-4,-0.994,-1.356E-4
2.192,0.001,-0.994,-6.796E-6
2.193,8.088E-4,-0.994,4.439E-4
2.194,0.001,-0.614,1.345E-4
2.195,8.088E-4,1.001,2.489E-4
2.196,0.001,1.001,-6.581E-5
2.197,4.555E-4,1.001,-3.913E-4
2.199,0.001,1.001,1.824E-5
2.200,6.144E-4,-0.451,-1.338E-4
2.201,0.001,-0.994,7.511E-6
2.202,7.969E-4,-0.994,3.044E-4
2.203,9.055E-4,-0.994,2.078E-4
2.204,4.674E-4,-0.468,1.720E-4
2.205,3.932E-4,1.001,1.989E-4
2.206,5.270E-4,1.001,-2.947E-4
2.208,5.639E-4,1.001,-5.007E-6
2.209,6.473E-5,1.001,-1.856E-4
2.210,3.801E-4,-0.594,6.474E-5
2.211,1.495E-4,-0.994,2.793E-4
2.212,3.072E-4,-0.994,3.723E-4
2.213,2.954E-4,-0.994,3.831E-4
2.214,3.928E-4,-0.327,6.653E-5
2.215,3.444E-4,1.001,7.726E-5
2.216,-3.323E-5,1.001,-1.642E-4
2.218,2.670E-5,1.001,-1.395E-5
2.219,-3.403E-5,1.001,-3.001E-4
2.220,2.702E-4,-0.734,3.795E-4
2.221,1.005E-4,-0.994,2.150E-4
2.222,6.237E-4,-0.994,4.349E-4
2.223,2.354E-4,-0.994,-7.117E-5
2.224,3.318E-4,-0.186,-1.338E-4
2.225,1.129E-4,1.001,-5.329E-5
2.227,3.071E-4,1.001,3.791E-5
2.228,-2.115E-5,1.001,3.970E-5
2.229,7.695E-4,1.001,-3.698E-4
2.230,1.654E-5,-0.875,3.920E-4
2.231,9.988E-5,-0.994,-6.402E-5
2.232,-4.602E-5,-0.994,-3.219E-6
2.233,1.728E-4,-0.994,2.775E-4
2.234,-1.920E-4,-0.041,5.100E-4
2.236,9.937E-5,1.001,-1.695E-4
2.237,-4.722E-4,1.001,2.003E-5
2.238,1.839E-4,1.001,-4.449E-4
2.239,-2.528E-4,0.973,-5.329E-5
2.240,5.051E-5,-0.994,-2.089E-4
2.241,-1.070E-4,-0.994,1.255E-4
2.242,-5.872E-5,-0.994,-4.092E-4
2.243,2.336E-4,-0.994,3.509E-4
2.244,2.737E-5,0.102,9.335E-5
2.246,1.486E-4,1.001,-2.289E-5
2.247,1.855E-4,1.001,1.667E-4
2.248,1.734E-4,1.001,-2.518E-4
2.249,1.733E-4,0.832,2.954E-4
2.250,2.464E-4,-0.994,1.824E-5
2.251,-4.565E-5,-0.994,4.367E-4
2.252,6.720E-4,-0.994,-4.557E-4
2.253,4.547E-4,-0.994,4.117E-4
2.255,4.054E-4,0.243,3.612E-5
2.256,2.348E-4,1.001,1.935E-4
2.257,2.953E-4,1.001,-2.232E-4
2.258,1.535E-5,1.001,-8.369E-5
2.259,4.774E-4,0.692,-2.468E-5
2.260,6.451E-5,-0.994,2.436E-4
2.261,4.775E-4,-0.994,-2.468E-5
2.262,3.811E-4,-0.994,1.363E-4
2.264,4.417E-4,-0.994,1.327E-4
2.265,4.784E-4,0.385,-2.647E-5
2.266,6.733E-4,1.001,-4.431E-4
2.267,2.720E-4,1.001,-2.160E-4
2.268,7.946E-4,1.001,-2.647E-5
2.269,7.594E-4,0.546,-2.089E-4
2.270,5.157E-4,-0.994,2.793E-4
2.271,3.568E-4,-0.994,-1.499E-4
2.272,9.287E-4,-0.994,9.871E-5
2.274,5.527E-4,-0.994,4.492E-4
2.275,3.935E-4,0.530,9.693E-5
2.276,5.635E-4,1.001,-4.256E-5
2.277,6.005E-4,1.001,1.702E-4
2.278,8.441E-4,1.001,-3.269E-4
2.279,5.403E-4,0.403,1.238E-4
2.280,9.779E-4,-0.994,9.299E-6
2.281,7.598E-4,-0.994,1.810E-4
2.283,9.785E-4,-0.994,-1.552E-4
2.284,5.406E-4,-0.994,3.831E-4
2.285,0.001,0.671,2.078E-4
2.286,5.286E-4,1.001,-9.621E-5
2.287,7.952E-4,1.001,-6.045E-5
2.288,6.531E-5,1.001,-2.429E-4
2.289,8.428E-4,0.263,3.938E-4
2.290,-2.025E-4,-0.994,-6.760E-5
2.292,4.646E-4,-0.994,4.403E-4
2.293,4.785E-4,-0.994,2.182E-5
2.294,0.001,-0.994,-8.727E-5
2.295,6.626E-4,0.811,-4.217E-4
2.296,0.001,1.001,1.109E-5
2.297,5.529E-4,1.001,-1.230E-4
2.298,9.779E-4,1.001,7.511E-6
2.299,8.938E-4,0.121,-2.196E-4
2.300,8.936E-4,-0.994,5.440E-4
2.302,8.814E-4,-0.994,7.904E-5
2.303,9.544E-4,-0.994,-1.195E-4
2.304,7.232E-4,-0.994,2.811E-4
2.305,6.374E-4,0.958,-8.584E-6
2.306,7.346E-4,1.001,-3.752E-4
2.307,7.470E-4,1.001,2.650E-4
2.308,3.818E-4,1.001,-2.804E-4
2.309,3.565E-4,-0.024,-3.001E-4
2.311,5.878E-4,-0.994,-8.190E-5
2.312,6.493E-4,-0.994,-9.621E-5
2.313,8.321E-4,-0.994,2.003E-5
2.314,0.001,-0.895,7.904E-5
2.315,7.726E-4,1.001,2.436E-4
2.316,7.958E-4,1.001,-5.039E-4
2.317,0.002,1.001,1.109E-5
2.318,0.001,1.001,-2.429E-4
2.320,0.002,-0.166,4.600E-4
2.321,0.001,-0.994,1.989E-4
2.322,0.001,-0.994,-1.409E-4
2.323,0.001,-0.994,6.474E-5
2.324,0.001,-0.755,-2.464E-4
2.325,0.002,1.001,-4.181E-4
2.326,0.001,1.001,-2.142E-4
2.327,0.001,1.001,-2.303E-4
2.328,0.002,1.001,-1.123E-4
2.330,0.001,-0.306,2.182E-5
2.331,0.001,-0.994,2.096E-4
2.332,7.726E-4,-0.994,1.917E-4
2.333,8.080E-4,-0.994,7.010E-5
2.334,7.350E-4,-0.611,1.381E-4
2.335,5.887E-4,1.001,-2.589E-4
2.336,6.006E-4,1.001,-1.499E-4
2.337,8.441E-4,1.001,2.060E-4
2.339,5.525E-4,1.001,-7.117E-5
2.340,7.344E-4,-0.452,7.726E-5
2.341,8.323E-4,-0.994,4.152E-4
2.342,5.281E-4,-0.994,8.262E-5
2.343,9.292E-4,-0.994,1.381E-4
2.344,5.040E-4,-0.467,2.203E-4
2.345,5.638E-4,1.001,-3.054E-4
2.346,3.691E-4,1.001,6.474E-5
2.348,6.244E-4,1.001,-3.001E-4
2.349,6.981E-4,1.001,2.078E-4
2.350,0.001,-0.594,6.474E-5
2.351,8.575E-4,-0.994,-6.796E-6
2.352,0.001,-0.994,-5.007E-6
2.353,0.001,-0.994,-8.906E-5
2.354,0.001,-0.326,-3.698E-4
2.355,0.001,1.001,1.810E-4
2.356,9.061E-4,1.001,-1.141E-4
2.358,7.596E-4,1.001,-1.373E-4
2.359,0.001,1.001,2.361E-5
2.360,0.001,-0.735,2.275E-4
2.361,7.478E-4,-0.994,4.403E-4
2.362,0.001,-0.994,3.312E-4
2.363,6.016E-4,-0.994,3.652E-4
2.364,5.762E-4,-0.186,-6.402E-5
2.365,0.001,1.001,7.189E-5
2.367,0.001,1.001,-3.899E-5
2.368,8.696E-4,1.001,3.401E-4
2.369,8.691E-4,1.001,-1.660E-4
2.370,0.001,-0.879,3.509E-4
2.371,0.001,-0.994,6.653E-5
2.372,7.355E-4,-0.994,-1.141E-4
2.373,0.001,-0.994,5.937E-5
2.374,7.853E-4,-0.040,-1.695E-4
2.376,0.001,1.001,-2.071E-4
2.377,7.604E-4,1.000,-1.320E-4
2.378,0.001,1.001,2.897E-5
2.379,0.001,0.972,-2.733E-4
2.380,9.186E-4,-0.994,3.759E-4
2.381,0.001,-0.994,2.146E-6
2.382,0.001,-0.994,2.150E-4
2.383,0.001,-0.994,-1.999E-4
2.384,0.001,0.102,2.328E-4
2.386,9.190E-4,1.001,-3.004E-5
2.387,0.001,1.001,-9.442E-5
2.388,0.001,1.001,-1.838E-4
2.389,0.001,0.832,4.328E-5
2.390,6.993E-4,-0.994,-3.466E-4
2.391,0.001,-0.994,2.150E-4
2.392,7.477E-4,-0.994,1.756E-4
2.393,8.688E-4,-0.994,6.295E-5
2.395,3.821E-4,0.243,1.645E-5
2.396,9.166E-4,1.001,-1.713E-4
2.397,7.597E-4,1.001,5.401E-5
2.398,0.001,1.001,-2.053E-4
2.399,0.001,0.691,1.345E-4
2.400,8.333E-4,-0.994,3.419E-4
2.401,6.864E-4,-0.994,1.649E-4
2.402,4.912E-4,-0.994,-2.250E-4
2.404,3.446E-4,-0.994,3.902E-4
2.405,7.461E-4,0.387,-6.796E-6
2.406,6.375E-4,1.001,-1.999E-4
2.407,4.302E-4,1.001,-1.606E-4
2.408,7.341E-4,1.001,-2.289E-5
2.409,5.035E-4,0.545,-3.341E-4
2.410,6.490E-4,-0.994,3.527E-4
2.411,2.841E-5,-0.994,2.364E-4
2.412,9.888E-4,-0.994,-8.012E-5
2.414,2.241E-4,-0.995,-3.037E-4
2.415,4.048E-4,0.531,-1.928E-4
2.416,3.322E-4,1.001,-3.183E-5
2.417,8.922E-4,1.001,-4.467E-4
2.418,1.508E-4,1.001,-3.269E-4
2.419,7.821E-4,0.403,3.612E-5
2.420,6.741E-4,-0.994,4.921E-4
2.421,7.225E-4,-0.994,1.094E-4
2.423,6.374E-4,-0.994,2.418E-4
2.424,0.001,-0.994,-9.085E-5
2.425,5.289E-4,0.671,1.846E-4
2.426,7.343E-4,1.001,-2.110E-5
2.427,0.001,1.001,2.539E-5
2.428,5.529E-4,1.001,3.473E-4
2.429,6.857E-4,0.263,1.953E-4
2.430,0.001,-0.994,-1.037E-5
2.432,7.361E-4,-0.994,2.972E-4
2.433,7.836E-4,-0.994,4.009E-4
2.434,6.497E-4,-0.994,-2.289E-5
2.435,6.372E-4,0.813,4.864E-5
2.436,8.929E-4,1.001,-3.734E-4
2.437,5.039E-4,1.001,2.167E-4
2.438,8.926E-4,1.001,1.881E-4
2.439,0.001,0.118,-2.536E-4
2.440,0.001,-0.994,2.146E-6
2.442,4.070E-4,-0.994,-1.037E-5
2.443,0.001,-0.994,-1.552E-4
2.444,9.189E-4,-0.994,-9.085E-5
2.445,0.001,0.959,-3.645E-4
2.446,7.480E-4,1.001,-7.117E-5
2.447,0.001,1.001,2.382E-4
2.448,6.140E-4,1.001,1.506E-4
2.449,0.001,-0.026,-7.296E-5
2.451,0.001,-0.994,-9.263E-5
2.452,9.670E-4,-0.994,2.182E-5
2.453,4.189E-4,-0.994,-2.142E-4
2.454,9.167E-4,-0.895,2.597E-4
2.455,8.206E-4,1.001,-6.939E-5
2.456,9.786E-4,1.001,-1.105E-4
2.457,6.868E-4,1.001,3.791E-5
2.458,9.296E-4,1.001,5.758E-5
2.460,6.258E-4,-0.166,3.240E-4
2.461,5.519E-4,-0.994,2.489E-4
2.462,5.883E-4,-0.994,1.398E-4
2.463,8.319E-4,-0.994,5.404E-4
2.464,8.082E-4,-0.755,-2.089E-4
2.465,6.620E-4,1.001,2.096E-4
2.466,0.001,1.001,-1.946E-4
2.467,7.239E-4,1.001,-1.356E-4
2.468,7.592E-4,1.001,-2.840E-4
2.470,0.001,-0.307,1.309E-4
2.471,0.001,-0.994,-7.117E-5
2.472,0.001,-0.994,2.203E-4
2.473,0.001,-0.994,1.792E-4
2.474,8.208E-4,-0.609,4.224E-4
2.475,0.001,1.001,-9.442E-5
2.476,8.211E-4,1.001,-1.874E-4
2.477,0.001,1.001,-2.647E-5
2.479,9.675E-4,1.001,-1.749E-4
2.480,9.303E-4,-0.454,2.132E-4
2.481,0.001,-0.994,-2.893E-4
2.482,7.969E-4,-0.994,-1.016E-4
2.483,0.001,-0.995,1.434E-4
2.484,0.001,-0.466,2.382E-4
2.485,7.359E-4,1.001,9.299E-6
2.486,0.001,1.001,-8.584E-6
2.488,0.001,1.001,-4.324E-4
2.489,0.001,1.001,-2.285E-4
2.490,0.001,-0.595,2.275E-4
2.491,0.002,-0.994,-9.621E-5
2.492,7.858E-4,-0.994,-3.394E-4
2.493,0.001,-0.994,2.311E-4
2.494,0.001,-0.326,3.044E-4
2.495,0.001,1.001,-6.760E-5
2.496,0.001,1.001,2.865E-4
2.498,9.061E-4,1.001,-4.879E-4
2.499,0.001,1.001,-2.840E-4
2.500,7.969E-4,-0.735,1.645E-5
2.501,0.001,-0.994,7.904E-5
2.502,0.001,-0.994,1.309E-4
2.503,0.001,-0.994,-2.110E-5
2.504,0.001,-0.183,3.795E-4
2.505,0.001,1.001,2.024E-4
2.507,9.189E-4,1.001,-1.409E-4
2.508,0.001,1.001,-2.250E-4
2.509,9.920E-4,1.001,-3.555E-4
2.510,0.001,-0.881,5.082E-4
2.511,0.001,-0.994,-2.285E-4
2.512,0.001,-0.994,2.361E-5
2.513,0.001,-0.994,4.081E-4
2.514,0.001,-0.039,-2.375E-4
2.516,0.001,1.001,9.335E-5
2.517,0.001,1.001,-1.695E-4
2.518,0.001,1.001,-1.177E-4
2.519,0.001,0.972,-4.718E-4
2.520,0.001,-0.994,2.150E-4
2.521,0.002,-0.994,-2.393E-4
2.522,0.001,-0.994,4.507E-5
2.523,0.002,-0.994,-2.178E-4
2.524,0.001,0.103,-3.899E-5
2.526,0.001,1.001,-4.414E-4
2.527,0.001,1.001,2.114E-4
2.528,0.001,1.001,-1.931E-5
2.529,0.002,0.832,1.824E-5
2.530,0.001,-0.994,1.774E-4
2.531,0.002,-0.994,2.436E-4
2.532,0.002,-0.994,1.824E-5
2.533,0.001,-0.994,4.152E-4
2.535,0.001,0.243,2.146E-6
2.536,0.002,1.001,-3.913E-4
2.537,0.001,1.001,-2.858E-4
2.538,0.002,1.001,3.934E-6
2.539,0.001,0.687,1.774E-4
2.540,0.002,-0.994,6.116E-5
2.541,0.002,-0.994,2.972E-4
2.542,0.002,-0.994,-3.537E-4
2.544,0.002,-0.994,4.206E-4
2.545,0.002,0.389,-3.823E-4
2.546,0.001,1.001,3.255E-5
2.547,0.002,1.001,-2.947E-4
2.548,0.001,1.001,-1.123E-4
2.549,0.002,0.544,-2.110E-5
2.550,0.002,-0.994,-3.323E-4
2.551,0.002,-0.994,1.899E-4
2.552,0.001,-0.994,9.335E-5
2.554,0.001,-0.994,-5.866E-5
2.555,0.001,0.531,-4.793E-5
2.556,0.001,1.001,-3.412E-4
2.557,0.001,1.001,-1.574E-5
2.558,9.193E-4,1.001,-3.859E-4
2.559,0.001,0.403,-7.117E-5
2.560,0.001,-0.994,-3.004E-5
2.561,0.001,-0.994,3.151E-4
2.563,0.001,-0.994,3.312E-4
2.564,0.001,-0.994,1.810E-4
2.565,9.915E-4,0.672,1.148E-4
2.566,0.002,1.001,-4.646E-4
2.567,0.001,1.001,-1.409E-4
2.568,9.672E-4,1.001,-2.500E-4
2.569,9.790E-4,0.262,7.010E-5
2.570,0.001,-0.994,1.327E-4
2.572,5.532E-4,-0.994,-2.110E-5
2.573,0.001,-0.994,-4.145E-4
2.574,8.458E-4,-0.994,3.813E-4
2.575,0.001,0.816,-5.343E-4
2.576,8.577E-4,1.001,-3.054E-4
2.577,9.909E-4,1.001,-1.749E-4
2.578,7.355E-4,1.001,-2.160E-4
2.579,5.522E-4,0.116,-2.715E-4
2.580,0.001,-0.994,3.434E-5
2.582,0.001,-0.994,2.257E-4
2.583,9.308E-4,-0.994,-6.223E-5
2.584,0.001,-0.994,-8.548E-5
2.585,9.918E-4,0.959,1.109E-5
2.586,9.547E-4,1.001,-4.435E-5
2.587,0.001,1.001,-3.287E-4
2.588,0.001,1.001,-2.268E-4
2.589,0.001,-0.026,-1.803E-4
2.591,8.585E-4,-0.994,4.850E-4
2.592,0.001,-0.994,4.009E-4
2.593,0.001,-0.994,2.146E-6
2.594,0.001,-0.895,2.718E-5
2.595,9.068E-4,1.001,-1.588E-4
2.596,0.001,1.001,1.363E-4
2.597,9.792E-4,1.001,-2.643E-4
2.598,0.001,1.001,-9.979E-5
2.600,0.001,-0.166,1.005E-4
2.601,0.001,-0.994,-1.431E-6
2.602,9.800E-4,-0.994,-5.866E-5
2.603,0.001,-0.994,4.814E-4
2.604,7.603E-4,-0.753,3.434E-5
2.605,0.001,1.001,2.006E-4
2.606,8.335E-4,1.001,-4.378E-4
2.607,0.001,1.001,-5.272E-4
2.608,8.457E-4,1.001,-3.573E-4
2.610,0.001,-0.311,8.083E-5
2.611,6.505E-4,-0.994,3.723E-4
2.612,0.001,-0.994,9.693E-5
2.613,9.192E-4,-0.994,2.150E-4
2.614,9.545E-4,-0.608,2.775E-4
2.615,7.719E-4,1.001,1.273E-4
2.616,8.689E-4,1.001,-1.230E-4
2.617,0.001,1.001,-1.052E-4
2.619,8.331E-4,1.001,-4.485E-4
2.620,8.569E-4,-0.454,2.919E-4
2.621,7.230E-4,-0.994,7.010E-5
2.622,0.001,-0.994,6.871E-4
2.623,5.655E-4,-0.994,-6.402E-5
2.624,0.001,-0.466,-4.077E-5
2.625,0.001,1.001,2.042E-4
2.626,0.001,1.001,-2.786E-4
2.628,9.913E-4,1.001,-8.012E-5
2.629,8.816E-4,1.001,-1.999E-4
2.630,0.001,-0.595,-1.356E-4
2.631,0.001,-0.994,1.363E-4
2.632,6.632E-4,-0.994,4.367E-4
2.633,0.001,-0.994,1.327E-4
2.634,9.431E-4,-0.326,1.488E-4
2.635,0.001,1.001,-1.660E-4
2.636,0.001,1.001,4.864E-5
2.638,0.001,1.001,-5.687E-5
2.639,0.001,1.001,6.116E-5
2.640,0.001,-0.736,3.791E-5
2.641,0.001,-0.994,3.044E-4
2.642,0.002,-0.994,3.151E-4
2.643,0.001,-0.994,1.685E-4
2.644,0.001,-0.181,-3.720E-5
2.645,0.002,1.001,-6.581E-5
2.647,0.002,1.001,-1.999E-4
2.648,0.002,1.001,4.149E-5
2.649,0.002,1.001,-8.584E-6
2.650,0.002,-0.882,2.883E-4
2.651,0.002,-0.994,-2.518E-4
2.652,0.002,-0.994,1.434E-4
2.653,0.002,-0.994,-1.821E-4
2.654,0.002,-0.038,1.863E-4
2.656,0.002,1.001,-3.126E-4
2.657,0.002,1.001,-2.125E-4
2.658,0.001,1.001,-7.296E-5
2.659,0.002,0.972,3.612E-5
2.660,0.002,-0.994,5.580E-5
2.661,0.002,-0.994,-4.253E-4
2.662,0.001,-0.994,-1.052E-4
2.663,0.002,-0.994,-2.393E-4
2.664,0.001,0.103,-2.285E-4
2.666,0.002,1.001,-4.986E-4
2.667,0.002,1.001,1.184E-4
2.668,0.002,1.001,-4.288E-4
2.669,0.002,0.832,-2.697E-4
2.670,0.002,-0.994,7.726E-5
2.671,0.001,-0.994,1.255E-4
2.672,0.002,-0.994,-1.574E-5
2.673,0.002,-0.994,2.525E-4
2.675,0.001,0.245,-2.826E-5
2.676,0.002,1.001,-1.037E-5
2.677,0.001,1.001,-1.159E-4
2.678,0.001,1.001,-6.402E-5
2.679,0.002,0.686,-4.256E-5
2.680,0.002,-0.994,1.756E-4
2.681,0.001,-0.994,-1.391E-4
2.682,0.002,-0.994,2.239E-4
2.684,0.001,-0.994,-6.045E-5
2.685,0.002,0.390,-2.697E-4
2.686,0.002,1.001,-2.303E-4
2.687,0.002,1.001,-2.053E-4
2.688,0.001,1.001,-1.588E-4
2.689,0.002,0.543,-2.339E-4
2.690,0.001,-0.994,5.136E-4
2.691,0.001,-0.994,-9.442E-5
2.692,0.001,-0.994,6.728E-4
2.694,0.001,-0.994,3.169E-4
2.695,0.001,0.532,-1.159E-4
2.696,0.002,1.001,-9.085E-5
2.697,0.001,1.001,2.704E-4
2.698,0.002,1.001,-2.464E-4
2.699,0.002,0.403,5.476E-4
2.700,0.002,-0.994,4.582E-4
2.701,0.002,-0.994,2.811E-4
2.703,0.002,-0.994,-1.874E-4
2.704,0.002,-0.994,5.136E-4
2.705,0.002,0.672,-2.468E-5
2.706,0.002,1.001,2.489E-4
2.707,0.002,1.001,2.203E-4
2.708,0.002,1.001,-1.391E-4
2.709,0.002,0.261,-1.516E-4
2.710,0.002,-0.994,-2.911E-4
2.712,0.001,-0.994,-2.285E-4
2.713,0.001,-0.994,2.096E-4
2.714,0.001,-0.994,-1.427E-4
2.715,0.002,0.817,-1.838E-4
2.716,0.001,1.001,-2.750E-4
2.717,0.002,1.001,-5.487E-4
2.718,0.001,1.001,3.255E-5
2.719,0.001,0.115,-1.159E-4
2.720,0.002,-0.994,-2.643E-4
2.722,0.002,-0.994,3.115E-4
2.723,0.001,-0.994,3.795E-4
2.724,0.002,-0.994,1.041E-4
2.725,0.001,0.960,-9.621E-5
2.726,0.001,1.001,-1.338E-4
2.727,0.001,1.001,-1.946E-4
2.728,0.002,1.001,-3.541E-5
2.729,0.001,-0.026,-1.642E-4
2.731,0.001,-0.994,3.240E-4
2.732,0.001,-0.994,-4.932E-4
2.733,0.001,-0.994,1.470E-4
2.734,0.002,-0.895,1.488E-4
2.735,0.001,1.001,1.041E-4
2.736,0.001,1.001,-2.125E-4
2.737,0.001,1.001,-1.284E-4
2.738,0.001,1.001,-1.981E-4
2.740,0.001,-0.166,1.828E-4
2.741,7.725E-4,-0.994,1.756E-4
2.742,0.001,-0.994,6.474E-5
2.743,7.357E-4,-0.994,3.276E-4
2.744,6.983E-4,-0.751,2.454E-4
2.745,9.661E-4,1.001,1.184E-4
2.746,8.937E-4,1.001,1.077E-4
2.747,0.001,1.001,1.559E-4
2.748,7.119E-4,1.001,-5.111E-4
2.750,0.001,-0.312,2.382E-4
2.751,0.001,-0.994,-2.303E-4
2.752,0.001,-0.994,2.436E-4
2.753,8.335E-4,-0.994,-5.329E-5
2.754,0.001,-0.607,2.042E-4
2.755,0.001,1.001,-4.256E-5
2.756,9.431E-4,1.001,4.149E-5
2.757,8.084E-4,1.001,-3.899E-5
2.759,9.542E-4,1.001,-2.679E-4
2.760,8.815E-4,-0.455,-2.826E-5
2.761,0.001,-0.994,-1.642E-4
2.762,8.331E-4,-0.994,5.243E-4
2.763,0.001,-0.994,-3.680E-4
2.764,7.976E-4,-0.466,2.060E-4
2.765,0.001,1.001,1.288E-5
2.766,6.996E-4,1.001,-3.899E-5
2.768,0.001,1.001,-4.002E-4
2.769,0.002,1.001,2.042E-4
2.770,0.001,-0.595,3.330E-4
2.771,0.001,-0.994,5.994E-4
2.772,0.001,-0.994,-1.087E-4
2.773,0.001,-0.994,-7.296E-5
2.774,0.001,-0.326,-3.752E-4
2.775,0.001,1.001,-3.180E-4
2.776,0.002,1.001,-1.338E-4
2.778,0.001,1.001,-3.788E-4
2.779,0.001,1.001,-2.196E-4
2.780,0.001,-0.739,9.871E-5
2.781,9.431E-4,-0.994,3.294E-4
2.782,0.001,-0.994,3.437E-4
2.783,0.001,-0.994,-1.931E-5
2.784,0.001,-0.179,-3.108E-4
2.785,9.676E-4,1.001,3.366E-4
2.787,0.001,1.001,-1.037E-5
2.788,8.821E-4,1.001,-5.007E-6
2.789,9.666E-4,1.001,-3.573E-4
2.790,9.911E-4,-0.883,1.059E-4
2.791,0.002,-0.994,4.117E-4
2.792,0.001,-0.994,3.258E-4
2.793,0.001,-0.994,4.149E-5
2.794,0.001,-0.037,7.511E-6
2.796,0.001,1.001,-9.621E-5
2.797,8.582E-4,1.001,6.831E-5
2.798,0.001,1.001,2.328E-4
2.799,0.001,0.972,-2.983E-4
2.800,0.002,-0.994,1.971E-4
2.801,9.564E-4,-0.994,1.238E-4
2.802,0.001,-0.994,-3.591E-4
2.803,0.001,-0.994,8.799E-5
2.804,0.001,0.103,2.078E-4
2.806,0.001,1.001,-2.589E-4
2.807,0.001,1.001,-3.376E-4
2.808,0.001,1.001,-9.800E-5
2.809,0.001,0.831,9.871E-5
2.810,0.002,-0.994,2.257E-4
2.811,0.001,-0.994,5.758E-5
2.812,0.001,-0.994,1.899E-4
2.813,0.001,-0.994,1.971E-4
2.815,0.002,0.248,-2.893E-4
2.816,0.001,1.001,5.937E-5
2.817,0.001,1.001,-4.256E-5
2.818,0.001,1.001,-2.393E-4
2.819,0.001,0.684,-3.362E-5
2.820,0.002,-0.994,-3.541E-5
2.821,0.001,-0.994,2.847E-4
2.822,0.001,-0.994,3.151E-4
2.824,0.001,-0.994,3.383E-4
2.825,0.001,0.391,3.455E-4
2.826,0.001,1.001,-1.105E-4
2.827,0.001,1.001,-9.442E-5
2.828,0.001,1.001,-3.362E-5
2.829,0.001,0.543,-4.077E-5
2.830,0.001,-0.994,2.650E-4
2.831,0.001,-0.994,-9.800E-5
2.832,0.001,-0.994,3.527E-4
2.834,7.849E-4,-0.994,-6.760E-5
2.835,0.001,0.532,4.149E-5
2.836,9.187E-4,1.001,-5.007E-6
2.837,0.001,1.001,2.543E-4
2.838,0.001,1.001,1.255E-4
2.839,9.673E-4,0.402,4.507E-5
2.840,0.001,-0.994,-2.289E-5
2.841,0.001,-0.994,5.043E-5
2.843,0.001,-0.994,-1.874E-4
2.844,0.001,-0.994,-1.320E-4
2.845,0.001,0.674,-9.800E-5
2.846,7.118E-4,1.001,4.328E-5
2.847,0.001,1.001,-6.796E-6
2.848,0.001,1.001,-4.074E-4
2.849,9.551E-4,0.257,6.692E-4
2.850,0.001,-0.994,-7.296E-5
2.852,0.001,-0.994,3.723E-4
2.853,0.001,-0.994,1.398E-4
2.854,0.001,-0.994,3.348E-4
2.855,0.001,0.819,-6.796E-6
2.856,0.001,1.001,-1.248E-4
2.857,0.001,1.001,-2.035E-4
2.858,0.002,1.001,1.023E-4
2.859,0.001,0.114,2.203E-4
2.860,0.002,-0.994,1.416E-4
2.862,0.001,-0.994,6.653E-5
2.863,0.001,-0.994,-2.053E-4
2.864,0.001,-0.994,7.189E-5
2.865,0.002,0.960,-1.677E-4
2.866,0.001,1.001,-7.833E-5
2.867,0.001,1.001,-4.682E-4
2.868,0.001,1.001,-2.679E-4
2.869,0.002,-0.026,-8.906E-5
2.871,0.002,-0.994,1.363E-4
2.872,0.002,-0.994,2.668E-4
2.873,0.002,-0.994,-2.339E-4
2.874,0.002,-0.894,1.288E-5
2.875,0.002,1.001,-3.895E-4
2.876,0.002,1.001,4.507E-5
2.877,0.002,1.001,1.846E-4
2.878,0.002,1.001,1.577E-4
2.880,0.002,-0.168,8.083E-5
2.881,0.002,-0.994,7.726E-5
2.882,0.002,-0.994,4.507E-5
2.883,0.001,-0.994,2.543E-4
2.884,0.002,-0.749,6.116E-5
2.885,0.002,1.001,-2.625E-4
2.886,0.002,1.001,-1.928E-4
2.887,0.001,1.001,-2.035E-4
2.888,0.002,1.001,-6.581E-5
2.890,0.001,-0.314,3.076E-5
2.891,0.001,-0.994,-6.760E-5
2.892,0.002,-0.994,-1.302E-4
2.893,0.002,-0.994,5.401E-5
2.894,0.001,-0.606,-4.972E-5
2.895,0.001,1.001,2.489E-4
2.896,0.001,1.001,-3.484E-4
2.897,0.001,1.001,9.299E-6
2.899,0.001,1.001,-1.931E-5
2.900,0.001,-0.455,8.620E-5
2.901,0.002,-0.994,1.702E-4
2.902,0.001,-0.994,1.273E-4
2.903,0.001,-0.994,-6.581E-5
2.904,8.090E-4,-0.466,2.704E-4
2.905,0.001,1.001,-1.481E-4
2.906,0.001,1.001,9.871E-5
2.908,0.001,1.001,1.488E-4
2.909,0.001,1.001,-3.108E-4
2.910,0.001,-0.595,9.514E-5
2.911,0.001,-0.994,3.956E-4
2.912,0.002,-0.994,-8.190E-5
2.913,0.002,-0.994,4.331E-4
2.914,0.002,-0.322,4.260E-4
2.915,0.001,1.001,-1.749E-4
2.916,0.002,1.001,-3.362E-5
2.918,0.002,1.001,-5.630E-4
2.919,0.002,1.001,-1.427E-4
2.920,0.001,-0.741,2.382E-4
2.921,0.002,-0.994,5.937E-5
2.922,0.002,-0.994,2.060E-4
2.923,0.002,-0.994,4.260E-4
2.924,0.002,-0.178,-2.661E-4
2.925,0.002,1.001,-6.796E-6
2.927,0.002,1.001,-2.321E-4
2.928,0.002,1.001,-7.296E-5
2.929,0.002,1.001,-2.840E-4
2.930,0.001,-0.884,1.524E-4
2.931,0.001,-0.994,-2.053E-4
2.932,0.002,-0.994,2.203E-4
2.933,0.002,-0.994,3.705E-4
2.934,0.001,-0.037,-3.537E-4
2.936,0.002,1.001,4.117E-4
2.937,0.001,1.001,-4.092E-4
2.938,0.002,1.001,-1.695E-4
2.939,0.001,0.971,-1.284E-4
2.940,0.001,-0.994,2.686E-4
2.941,0.001,-0.994,3.079E-4
2.942,0.001,-0.994,1.506E-4
2.943,0.001,-0.994,-2.321E-4
2.944,0.001,0.103,1.810E-4
2.946,7.359E-4,1.001,-3.720E-5
2.947,9.662E-4,1.001,-2.661E-4
2.948,9.790E-4,1.001,9.871E-5
2.949,8.451E-4,0.828,-3.162E-4
2.950,8.569E-4,-0.994,2.972E-4
2.951,9.787E-4,-0.994,-8.548E-5
2.952,9.181E-4,-0.994,2.615E-4
2.953,0.001,-0.994,-1.087E-4
2.955,9.182E-4,0.250,1.792E-4
2.956,0.002,1.001,-3.913E-4
2.957,0.001,1.001,-1.248E-4
2.958,0.001,1.001,-4.256E-5
2.959,9.677E-4,0.683,2.847E-4
2.960,0.001,-0.994,-2.697E-4
2.961,0.001,-0.994,5.154E-4
2.962,0.001,-0.994,1.595E-4
2.964,0.001,-0.994,1.542E-4
2.965,0.001,0.392,-3.645E-4
2.966,0.001,1.001,-1.624E-4
2.967,0.001,1.001,-1.302E-4
2.968,0.001,1.001,-3.734E-4
2.969,0.002,0.542,-9.979E-5
2.970,0.002,-0.994,7.010E-5
2.971,0.002,-0.994,1.542E-4
2.972,0.001,-0.994,8.977E-5
2.974,0.001,-0.994,3.884E-4
2.975,0.002,0.532,-2.518E-4
2.976,0.001,1.001,-2.468E-5
2.977,0.002,1.001,-1.159E-4
2.978,0.002,1.001,2.718E-5
2.979,0.002,0.402,8.441E-5
2.980,0.002,-0.994,2.400E-4
2.981,0.002,-0.994,-1.731E-4
2.983,0.002,-0.994,5.580E-5
2.984,0.002,-0.994,3.544E-4
2.985,0.002,0.676,-2.232E-4
2.986,0.002,1.001,-2.017E-4
2.987,0.002,1.001,2.328E-4
2.988,0.001,1.001,5.937E-5
2.989,0.001,0.256,-7.654E-5
2.990,0.001,-0.994,4.328E-5
2.992,0.002,-0.994,2.364E-4
2.993,0.001,-0.994,4.224E-4
2.994,0.002,-0.994,7.547E-5
2.995,0.001,0.820,2.239E-4
2.996,0.002,1.001,-5.343E-4
2.997,0.001,1.001,-1.230E-4
2.998,0.002,1.001,-3.394E-4
2.999,0.001,0.114,1.381E-4
3.000,0.001,-0.994,-9.263E-5
3.002,0.001,-0.994,-2.500E-4
3.003,0.001,-0.994,4.149E-5
3.004,0.001,-0.994,5.580E-5
3.005,0.002,0.961,-1.037E-5
3.006,0.002,1.001,-1.574E-5
3.007,0.002,1.001,-2.858E-4
3.008,0.002,1.001,-3.537E-4
3.009,0.002,-0.027,4.149E-5
3.011,0.002,-0.994,-3.931E-4
3.012,0.001,-0.994,5.011E-4
3.013,0.002,-0.994,3.383E-4
3.014,0.001,-0.893,3.902E-4
3.015,0.002,1.001,6.474E-5
3.016,0.001,1.001,-2.178E-4
3.017,0.001,1.001,-4.217E-4
3.018,0.002,1.001,-3.215E-4
3.020,0.001,-0.171,2.718E-5
3.021,0.001,-0.994,-1.574E-5
3.022,0.001,-0.994,3.580E-4
3.023,0.001,-0.994,4.975E-4
3.024,0.001,-0.747,-3.358E-4
3.025,0.002,1.001,-1.516E-4
3.026,0.002,1.001,-2.268E-4
3.027,0.002,1.001,1.434E-4
3.028,0.002,1.001,6.831E-5
3.030,0.002,-0.315,3.473E-4
3.031,0.002,-0.994,-1.677E-4
3.032,0.002,-0.994,1.810E-4
3.033,0.002,-0.994,-1.302E-4
3.034,0.002,-0.606,7.726E-5
3.035,0.002,1.001,1.109E-5
3.036,0.002,1.001,-3.004E-5
3.037,0.002,1.001,-4.256E-5
3.039,0.002,1.001,-1.677E-4
3.040,0.002,-0.455,-3.502E-4
3.041,0.001,-0.994,3.934E-6
3.042,0.002,-0.994,3.294E-4
3.043,0.001,-0.994,-1.534E-4
3.044,0.001,-0.466,2.364E-4
3.045,0.001,1.001,-3.984E-4
3.046,0.001,1.001,5.758E-5
3.048,0.001,1.001,5.937E-5
3.049,6.993E-4,1.001,1.434E-4
3.050,0.001,-0.596,-1.749E-4
3.051,7.480E-4,-0.994,1.824E-5
3.052,0.001,-0.994,-2.017E-4
3.053,9.798E-4,-0.994,1.720E-4
3.054,0.001,-0.321,9.156E-5
3.055,0.001,1.001,-4.435E-5
3.056,9.549E-4,1.001,-3.806E-4
3.058,0.001,1.001,-1.373E-4
3.059,0.001,1.001,-2.268E-4
3.060,0.001,-0.742,2.328E-4
3.061,0.001,-0.994,5.222E-5
3.062,0.001,-0.994,3.151E-4
3.063,0.001,-0.994,1.935E-4
3.064,0.001,-0.177,2.811E-4
3.065,0.001,1.001,1.792E-4
3.067,0.001,1.001,-2.178E-4
3.068,0.001,1.001,7.547E-5
3.069,0.001,1.001,-4.467E-4
3.070,0.001,-0.884,-1.785E-4
3.071,0.001,-0.994,1.345E-4
3.072,0.001,-0.994,9.514E-5
3.073,0.001,-0.994,2.561E-4
3.074,0.001,-0.037,-1.606E-4
3.076,0.002,1.001,-5.508E-5
3.077,0.002,1.001,-3.823E-4
3.078,0.001,1.001,-3.823E-4
3.079,0.002,0.971,-4.414E-4
3.080,0.002,-0.994,-2.647E-5
3.081,0.001,-0.994,2.275E-4
3.082,0.002,-0.994,3.455E-4
3.083,0.001,-0.994,1.470E-4
3.084,0.002,0.105,-2.482E-4
3.086,0.001,1.001,-2.339E-4
3.087,0.001,1.001,-2.268E-4
3.088,0.001,1.001,-1.445E-4
3.089,0.002,0.825,-1.753E-5
3.090,0.001,-0.994,-5.508E-5
3.091,0.001,-0.994,4.224E-4
3.092,9.193E-4,-0.994,3.455E-4
3.093,0.001,-0.994,9.514E-5
3.095,0.001,0.251,-1.981E-4
3.096,0.001,1.001,-5.007E-6
3.097,0.001,1.001,6.116E-5
3.098,0.001,1.001,-3.341E-4
3.099,0.001,0.683,9.871E-5
3.100,0.001,-0.994,2.361E-5
3.101,0.001,-0.994,1.130E-4
3.102,0.001,-0.994,1.577E-4
3.104,0.001,-0.994,1.645E-5
3.105,0.002,0.392,-9.085E-5
3.106,0.001,1.001,-2.196E-4
3.107,0.001,1.001,-1.660E-4
3.108,0.001,1.001,-6.796E-6
3.109,0.001,0.542,2.006E-4
3.110,0.001,-0.994,-1.856E-4
3.111,7.601E-4,-0.994,5.941E-4
3.112,0.001,-0.995,-1.534E-4
3.114,0.001,-0.994,5.118E-4
3.115,0.001,0.532,-1.391E-4
3.116,9.427E-4,1.001,-6.760E-5
3.117,6.501E-4,1.001,-1.803E-4
3.118,0.001,1.001,1.416E-4
3.119,0.001,0.399,-9.621E-5
3.120,0.001,-0.994,4.492E-4
3.121,0.001,-0.994,3.577E-7
3.123,8.213E-4,-0.994,7.511E-6
3.124,0.001,-0.994,-3.219E-6
3.125,0.001,0.678,2.024E-4
3.126,0.001,1.001,-2.303E-4
3.127,0.001,1.001,-1.266E-4
3.128,0.001,1.001,-1.695E-4
3.129,0.002,0.254,-1.445E-4
3.130,0.002,-0.994,-9.263E-5
3.132,0.002,-0.994,1.109E-5
3.133,0.002,-0.994,6.281E-4
3.134,0.002,-0.994,-2.411E-4
3.135,0.002,0.820,1.953E-4
3.136,0.002,1.001,-3.323E-4
3.137,0.002,1.001,-6.238E-4
3.138,0.002,1.001,1.005E-4
3.139,0.002,0.114,1.524E-4
3.140,0.002,-0.994,2.185E-4
3.142,0.002,-0.994,1.738E-4
3.143,0.002,-0.994,1.166E-4
3.144,0.002,-0.994,1.434E-4
3.145,0.002,0.961,-1.302E-4
3.146,0.002,1.001,-2.214E-4
3.147,0.002,1.001,1.273E-4
3.148,0.002,1.001,-4.932E-4
3.149,0.002,-0.027,-2.411E-4
3.151,0.002,-0.994,-1.409E-4
3.152,0.002,-0.994,3.831E-4
3.153,0.002,-0.994,2.954E-4
3.154,0.002,-0.891,1.645E-5
3.155,0.001,1.001,4.685E-5
3.156,0.002,1.001,-2.110E-5
3.157,0.001,1.001,-4.449E-4
3.158,0.002,1.001,1.130E-4
3.160,0.002,-0.173,-1.463E-4
3.161,0.001,-0.994,4.135E-4
3.162,0.001,-0.994,-4.793E-5
3.163,0.002,-0.994,3.115E-4
3.164,0.001,-0.746,4.367E-4
3.165,0.002,1.001,-2.125E-4
3.166,0.002,1.001,-1.409E-4
3.167,0.001,1.001,1.613E-4
3.168,0.002,1.001,-2.750E-4
3.170,0.001,-0.315,-8.548E-5
3.171,0.001,-0.994,-5.508E-5
3.172,0.001,-0.994,8.620E-5
3.173,0.001,-0.994,2.775E-4
3.174,0.001,-0.606,1.005E-4
3.175,0.001,1.001,-3.144E-4
3.176,0.001,1.001,-1.695E-4
3.177,0.001,1.001,1.109E-5
3.179,0.001,1.001,-3.931E-4
3.180,0.001,-0.455,-2.625E-4
3.181,9.072E-4,-0.994,-6.581E-5
3.182,0.001,-0.994,3.133E-4
3.183,0.002,-0.994,8.620E-5
3.184,0.002,-0.465,1.506E-4
3.185,0.001,1.001,1.645E-5
3.186,0.002,1.001,-3.484E-4
3.188,0.002,1.001,-1.195E-4
3.189,0.002,1.001,-1.195E-4
3.190,0.002,-0.600,5.208E-4
3.191,0.002,-0.994,-1.212E-4
3.192,0.001,-0.994,1.720E-4
3.193,0.002,-0.994,5.243E-4
3.194,0.001,-0.318,4.635E-4
3.195,0.001,1.001,-1.284E-4
3.196,0.001,1.001,-1.838E-4
3.198,0.002,1.001,-7.833E-5
3.199,0.001,1.001,-3.362E-5
3.200,0.001,-0.743,2.597E-4
3.201,0.001,-0.994,1.702E-4
3.202,0.001,-0.994,2.361E-5
3.203,0.001,-0.994,3.970E-5
3.204,8.452E-4,-0.177,-1.320E-4
3.205,0.001,1.001,5.723E-6
3.207,0.001,1.001,-3.358E-4
3.208,0.001,1.001,1.184E-4
3.209,0.001,1.001,-3.720E-5
3.210,9.915E-4,-0.884,7.511E-6
3.211,0.001,-0.994,6.474E-5
3.212,0.001,-0.994,4.313E-4
3.213,0.001,-0.994,1.398E-4
3.214,0.001,-0.037,1.881E-4
3.216,0.001,1.000,-2.607E-4
3.217,0.001,1.001,1.291E-4
3.218,0.001,1.001,9.693E-5
3.219,0.001,0.970,-2.750E-4
3.220,0.001,-0.994,6.653E-5
3.221,0.001,-0.994,1.434E-4
3.222,0.001,-0.994,2.418E-4
3.223,0.001,-0.994,2.096E-4
3.224,0.001,0.108,1.166E-4
3.226,9.308E-4,1.001,-1.159E-4
3.227,7.962E-4,1.001,-1.731E-4
3.228,0.001,1.001,2.418E-4
3.229,0.001,0.824,-2.840E-4
3.230,0.001,-0.994,2.561E-4
3.231,0.001,-0.994,2.024E-4
3.232,0.001,-0.994,4.904E-4
3.233,0.001,-0.994,1.649E-4
3.235,0.002,0.251,-2.786E-4
3.236,0.001,1.001,9.156E-5
3.237,0.001,1.001,4.349E-4
3.238,0.002,1.001,-2.110E-5
3.239,0.002,0.682,-4.435E-5
3.240,0.002,-0.994,1.810E-4
3.241,0.002,-0.994,6.853E-4
3.242,0.001,-0.994,3.956E-4
3.244,0.001,-0.994,-1.677E-4
3.245,0.001,0.392,-2.285E-4
3.246,0.001,1.001,2.311E-4
3.247,0.001,1.001,-2.214E-4
3.248,0.001,1.001,-6.488E-4
3.249,0.001,0.542,-8.906E-5
3.250,0.001,-0.994,1.148E-4
3.251,0.001,-0.994,-7.654E-5
3.252,9.186E-4,-0.994,-2.142E-4
3.254,0.001,-0.994,-2.983E-4
3.255,0.001,0.534,-1.892E-4
3.256,0.001,1.001,8.620E-5
3.257,0.001,1.001,2.364E-4
3.258,0.001,1.001,-3.287E-4
3.259,0.001,0.397,3.974E-4
3.260,0.001,-0.994,1.220E-4
3.261,0.001,-0.994,8.977E-5
3.263,0.001,-0.994,6.116E-5
3.264,8.337E-4,-0.994,2.364E-4
3.265,0.001,0.679,-2.643E-4
3.266,0.001,1.001,-1.999E-4
3.267,0.001,1.001,-3.645E-4
3.268,8.090E-4,1.001,3.330E-4
3.269,0.001,0.254,-1.159E-4
3.270,9.062E-4,-0.994,2.990E-4
3.272,9.788E-4,-0.994,-3.362E-5
3.273,8.572E-4,-0.994,4.507E-5
3.274,5.525E-4,-0.994,2.239E-4
3.275,9.658E-4,0.821,-1.570E-4
3.276,7.841E-4,1.001,1.238E-4
3.277,8.568E-4,1.001,-3.448E-4
3.278,0.001,1.001,-7.579E-4
3.279,0.001,0.113,-3.841E-4
3.280,9.194E-4,-0.994,-1.463E-4
3.282,0.001,-0.994,-8.548E-5
3.283,9.915E-4,-0.994,4.296E-4
3.284,0.001,-0.994,1.148E-4
3.285,8.824E-4,0.961,2.060E-4
3.286,0.002,1.001,-1.230E-4
3.287,0.001,1.001,-3.183E-5
3.288,0.002,1.001,4.685E-5
3.289,0.001,-0.028,-5.508E-5
3.291,0.001,-0.994,3.580E-4
3.292,0.001,-0.994,3.276E-4
3.293,0.001,-0.994,7.904E-5
3.294,0.001,-0.889,8.620E-5
3.295,0.001,1.001,-1.445E-4
3.296,0.001,1.001,-2.429E-4
3.297,0.001,1.001,9.299E-6
3.298,0.001,1.001,-1.642E-4
3.300,0.001,-0.174,1.613E-4
3.301,6.388E-4,-0.994,-8.369E-5
3.302,0.001,-0.994,5.047E-4
3.303,0.001,-0.994,1.109E-5
3.304,0.001,-0.745,6.102E-4
3.305,9.675E-4,1.001,-1.964E-4
3.306,0.002,1.001,5.222E-5
3.307,0.001,1.001,-2.160E-4
3.308,9.436E-4,1.001,-5.343E-4
3.310,0.001,-0.315,1.109E-5
3.311,0.002,-0.994,2.132E-4
3.312,0.002,-0.994,8.441E-5
3.313,0.001,-0.994,3.934E-6
3.314,0.001,-0.605,1.899E-4
3.315,0.002,1.001,-5.719E-4
3.316,0.001,1.001,-5.093E-4
3.317,0.001,1.001,-9.979E-5
3.319,0.001,1.001,7.904E-5
3.320,0.001,-0.456,1.792E-4
3.321,0.001,-0.994,2.042E-4
3.322,0.001,-0.994,1.109E-5
3.323,0.002,-0.994,3.970E-5
3.324,0.001,-0.463,7.189E-5
3.325,0.001,1.001,-3.895E-4
3.326,0.001,1.001,-1.284E-4
3.328,0.002,1.001,2.182E-5
3.329,0.001,1.001,1.309E-4
3.330,0.002,-0.601,-3.162E-4
3.331,0.002,-0.994,2.203E-4
3.332,0.002,-0.994,-5.007E-6
3.333,0.001,-0.994,4.868E-4
3.334,0.001,-0.317,5.937E-5
3.335,0.002,1.001,-4.435E-5
3.336,0.002,1.001,-1.534E-4
3.338,0.002,1.001,2.775E-4
3.339,0.002,1.001,-2.107E-4
3.340,0.002,-0.744,3.473E-4
3.341,0.002,-0.994,-1.356E-4
3.342,0.002,-0.994,1.255E-4
3.343,0.002,-0.994,2.919E-4
3.344,0.002,-0.177,-3.573E-4
3.345,0.001,1.001,9.335E-5
3.347,0.002,1.001,-2.647E-5
3.348,0.002,1.001,-2.357E-4
3.349,0.002,1.001,-2.858E-4
3.350,0.001,-0.884,8.262E-5
3.351,0.002,-0.994,3.434E-5
3.352,0.002,-0.994,-1.785E-4
3.353,0.002,-0.994,-3.899E-5
3.354,0.002,-0.036,-8.012E-5
3.356,0.002,1.001,-3.376E-4
3.357,0.002,1.001,2.489E-4
3.358,0.002,1.001,-3.341E-4
3.359,0.001,0.969,-8.012E-5
3.360,0.002,-0.994,1.645E-5
3.361,0.002,-0.994,-2.858E-4
3.362,0.001,-0.994,-3.899E-5
3.363,0.002,-0.994,3.076E-5
3.364,0.002,0.110,3.115E-4
3.366,0.002,1.001,-5.791E-4
3.367,0.001,1.001,-2.983E-4
3.368,0.002,1.001,-8.369E-5
3.369,0.001,0.823,4.149E-5
3.370,0.001,-0.994,1.041E-4
3.371,0.002,-0.994,2.293E-4
3.372,0.002,-0.994,-2.268E-4
3.373,0.001,-0.994,1.846E-4
3.375,0.001,0.252,-6.045E-5
3.376,0.001,1.001,-2.572E-4
3.377,0.001,1.001,-3.627E-4
3.378,0.001,1.001,-4.077E-5
3.379,0.002,0.682,-3.358E-4
3.380,0.002,-0.994,3.008E-4
3.381,0.002,-0.994,2.829E-4
3.382,0.001,-0.994,2.811E-4
3.384,0.002,-0.994,-2.589E-4
3.385,0.001,0.392,-4.077E-5
3.386,0.001,1.001,5.401E-5
3.387,0.002,1.001,-3.412E-4
3.388,0.002,1.001,-2.840E-4
3.389,0.002,0.542,-1.302E-4
3.390,0.001,-0.994,2.758E-4
3.391,0.001,-0.994,4.149E-5
3.392,0.002,-0.994,1.774E-4
3.394,0.002,-0.994,1.466E-5
3.395,0.002,0.537,1.041E-4
3.396,0.002,1.001,-1.516E-4
3.397,0.002,1.001,-1.037E-5
3.398,0.002,1.001,-8.584E-6
3.399,0.002,0.395,-9.621E-5
3.400,0.002,-0.994,-5.508E-5
3.401,0.001,-0.994,2.024E-4
3.403,0.001,-0.994,3.527E-4
3.404,0.001,-0.994,1.327E-4
3.405,0.001,0.680,6.474E-5
3.406,0.001,1.001,-1.123E-4
3.407,9.433E-4,1.001,-2.446E-4
3.408,0.001,1.001,6.474E-5
3.409,0.001,0.254,-1.266E-4
3.410,0.001,-0.994,-2.464E-4
3.412,0.002,-0.994,3.079E-4
3.413,0.001,-0.994,1.166E-4
3.414,0.002,-0.994,1.220E-4
3.415,0.001,0.821,-5.487E-4
3.416,0.001,1.001,-2.661E-4
3.417,0.001,1.001,-3.072E-4
3.418,0.001,1.000,-8.190E-5
3.419,0.001,0.113,7.511E-6
3.420,0.002,-0.994,3.312E-4
3.422,0.001,-0.994,2.936E-4
3.423,0.001,-0.994,2.686E-4
3.424,9.550E-4,-0.994,2.364E-4
3.425,0.001,0.963,-3.984E-4
3.426,9.920E-4,1.001,-3.541E-5
3.427,8.086E-4,1.001,-3.519E-4
3.428,0.001,1.001,-9.442E-5
3.429,0.001,-0.032,-2.196E-4
3.431,9.305E-4,-0.994,3.026E-4
3.432,9.058E-4,-0.994,-2.303E-4
3.433,7.353E-4,-0.994,-1.356E-4
3.434,8.445E-4,-0.887,-1.931E-5
3.435,9.178E-4,1.001,5.222E-5
3.436,8.693E-4,1.001,-3.698E-4
3.437,0.001,1.001,-7.654E-5
3.438,0.001,1.001,-1.338E-4
3.440,9.792E-4,-0.175,-7.117E-5
3.441,9.059E-4,-0.994,1.846E-4
3.442,8.205E-4,-0.994,-1.445E-4
3.443,7.594E-4,-0.994,1.398E-4
3.444,9.054E-4,-0.745,1.416E-4
3.445,9.666E-4,1.001,1.506E-4
3.446,0.001,1.001,-7.654E-5
3.447,0.001,1.001,-2.089E-4
3.448,0.001,1.001,-3.662E-4
3.450,0.001,-0.315,5.154E-4
3.451,0.002,-0.994,-1.052E-4
3.452,0.001,-0.994,2.182E-5
3.453,0.001,-0.994,3.652E-4
3.454,0.001,-0.605,4.278E-4
3.455,0.002,1.001,-3.609E-4
3.456,0.001,1.001,3.612E-5
3.457,0.001,1.001,1.953E-4
3.459,0.001,1.001,-1.302E-4
3.460,0.001,-0.457,-8.548E-5
3.461,0.002,-0.994,1.989E-4
3.462,0.002,-0.994,-8.548E-5
3.463,0.002,-0.994,1.166E-4
3.464,0.001,-0.460,7.904E-5
3.465,0.002,1.001,-3.341E-4
3.466,0.001,1.001,-1.767E-4
3.468,0.001,1.001,-3.072E-4
3.469,0.001,1.001,-1.749E-4
3.470,0.001,-0.603,-6.760E-5
3.471,0.001,-0.994,7.010E-5
3.472,0.001,-0.994,-2.947E-4
3.473,0.001,-0.994,4.385E-4
3.474,0.001,-0.317,7.010E-5
3.475,0.002,1.001,7.368E-5
3.476,0.001,1.001,2.883E-4
3.478,0.001,1.001,-1.767E-4
3.479,9.310E-4,1.001,-4.110E-4
3.480,0.001,-0.744,5.458E-4
3.481,0.002,-0.994,5.547E-4
3.482,0.001,-0.994,-1.892E-4
3.483,0.002,-0.994,3.401E-4
3.484,0.002,-0.177,8.441E-5
3.485,0.002,1.001,-3.720E-5
3.487,0.001,1.001,-2.768E-4
3.488,0.002,1.001,2.060E-4
3.489,0.001,1.001,1.255E-4
3.490,0.002,-0.884,4.099E-4
3.491,0.002,-0.994,-2.947E-4
3.492,0.002,-0.994,4.507E-5
3.493,0.002,-0.994,-1.034E-4
3.494,0.001,-0.034,7.726E-5
3.496,0.002,1.001,-3.788E-4
3.497,0.002,1.001,-4.074E-4
3.498,0.002,1.001,-3.394E-4
3.499,0.001,0.965,1.645E-5
3.500,0.002,-0.994,2.361E-5
3.501,0.002,-0.994,2.167E-4
3.502,0.001,-0.994,1.756E-4
3.503,0.001,-0.994,-6.223E-5
3.504,0.002,0.111,-1.212E-4
3.506,0.001,1.001,-1.338E-4
3.507,0.001,1.001,2.361E-5
3.508,0.002,1.001,-5.254E-4
3.509,0.002,0.822,2.275E-4
3.510,0.001,-0.994,-3.180E-4
3.511,0.002,-0.994,2.758E-4
3.512,0.002,-0.994,9.156E-5
3.513,0.002,-0.994,5.583E-4
3.515,0.002,0.252,9.871E-5
3.516,0.002,1.001,-4.092E-4
3.517,0.002,1.001,-1.660E-4
3.518,0.001,1.001,4.328E-5
3.519,0.001,0.682,-7.654E-5
3.520,0.002,-0.994,5.937E-5
3.521,0.001,-0.994,-1.141E-4
3.522,0.001,-0.994,-2.947E-4
3.524,0.001,-0.994,2.543E-4
3.525,9.680E-4,0.392,2.003E-5
3.526,0.001,1.001,-3.019E-4
3.527,0.001,1.001,-1.624E-4
3.528,0.001,1.001,3.577E-7
3.529,0.001,0.540,-1.749E-4
3.530,6.990E-4,-0.994,1.094E-4
3.531,9.174E-4,-0.994,2.454E-4
3.532,0.001,-0.994,4.635E-4
3.534,0.001,-0.994,2.293E-4
3.535,0.001,0.539,3.612E-5
3.536,0.001,1.001,1.255E-4
3.537,0.001,1.001,-6.760E-5
3.538,9.182E-4,1.001,-9.800E-5
3.539,8.814E-4,0.394,-1.931E-5
3.540,8.570E-4,-0.994,1.667E-4
3.541,9.665E-4,-0.994,2.829E-4
3.543,0.001,-0.994,3.777E-4
3.544,9.550E-4,-0.994,-3.362E-5
3.545,0.001,0.681,-5.508E-5
3.546,0.001,1.001,-1.266E-4
3.547,0.001,1.001,-2.733E-4
3.548,0.001,1.001,-2.536E-4
3.549,0.002,0.253,-1.821E-4
3.550,0.001,-0.994,2.489E-4
3.552,0.001,-0.994,1.953E-4
3.553,0.001,-0.994,-2.965E-4
3.554,0.002,-0.994,-1.177E-4
3.555,0.002,0.821,1.452E-4
3.556,0.001,1.001,2.539E-5
3.557,0.001,1.001,-3.019E-4
3.558,0.001,1.001,-3.215E-4
3.559,0.001,0.113,-8.906E-5
3.560,0.001,-0.994,3.934E-6
3.562,0.001,-0.994,5.401E-5
3.563,0.001,-0.994,6.831E-5
3.564,0.001,-0.994,2.436E-4
3.565,0.001,0.965,-1.087E-4
3.566,0.002,1.001,2.471E-4
3.567,0.002,1.001,-3.541E-5
3.568,0.001,1.001,1.005E-4
3.569,0.002,-0.033,-1.928E-4
3.571,0.002,-0.994,-5.093E-4
3.572,0.002,-0.994,9.871E-5
3.573,0.002,-0.994,4.152E-4
3.574,0.001,-0.886,1.220E-4
3.575,0.001,1.001,-5.687E-5
3.576,0.001,1.001,-2.232E-4
3.577,0.001,1.001,-1.445E-4
3.578,0.002,1.001,-7.475E-5
3.580,0.001,-0.175,-6.223E-5
3.581,0.001,-0.994,-2.268E-4
3.582,8.822E-4,-0.994,-5.007E-6
3.583,0.001,-0.994,3.294E-4
3.584,0.001,-0.745,-2.110E-5
3.585,0.001,1.001,1.416E-4
3.586,0.001,1.001,4.685E-5
3.587,0.001,1.001,7.547E-5
3.588,0.001,1.001,-2.500E-4
3.590,0.001,-0.316,2.400E-4
3.591,0.001,-0.994,1.470E-4
3.592,0.001,-0.994,2.078E-4
3.593,0.001,-0.994,-2.647E-5
3.594,0.001,-0.605,-2.289E-5
3.595,0.001,1.001,1.756E-4
3.596,9.188E-4,1.001,-3.323E-4
3.597,0.001,1.001,-2.303E-4
3.599,9.792E-4,1.001,-7.654E-5
3.600,0.001,-0.461,-1.177E-4
3.601,9.916E-4,-0.994,-8.727E-5
3.602,0.001,-0.994,1.989E-4
3.603,8.091E-4,-0.994,-3.054E-4
3.604,0.002,-0.458,7.726E-5
3.605,0.001,1.001,-3.537E-4
3.606,0.001,1.000,9.299E-6
3.608,9.184E-4,1.001,-1.395E-5
3.609,0.002,1.001,-3.698E-4
3.610,0.001,-0.604,1.041E-4
3.611,0.001,-0.994,3.294E-4
3.612,9.791E-4,-0.994,-3.394E-4
3.613,0.002,-0.994,3.169E-4
3.614,9.439E-4,-0.317,-4.002E-4
3.615,0.001,1.001,3.455E-4
3.616,0.001,1.001,-6.005E-4
3.618,0.001,1.001,-3.591E-4
3.619,0.001,1.001,-6.381E-4
3.620,0.001,-0.745,-1.445E-4
3.621,0.001,-0.994,1.363E-4
3.622,0.001,-0.994,2.311E-4
3.623,0.002,-0.994,3.223E-4
3.624,0.002,-0.176,2.132E-4
3.625,0.001,1.001,-3.004E-5
3.627,0.002,1.001,-1.212E-4
3.628,0.001,1.001,-9.085E-5
3.629,0.001,1.001,-1.785E-4
3.630,7.969E-4,-0.885,2.489E-4
3.631,0.001,-0.994,-7.654E-5
3.632,0.001,-0.994,1.273E-4
3.633,9.433E-4,-0.994,1.466E-5
3.634,0.001,-0.032,4.796E-4
3.636,0.001,1.001,-3.287E-4
3.637,0.001,1.001,-2.411E-4
3.638,0.001,1.001,-1.695E-4
3.639,0.001,0.963,-1.373E-4
3.640,0.001,-0.994,1.989E-4
3.641,9.304E-4,-0.994,-3.841E-4
3.642,8.449E-4,-0.994,8.620E-5
3.643,9.665E-4,-0.994,-6.045E-5
3.644,9.668E-4,0.112,1.166E-4
3.646,0.001,1.001,-8.190E-5
3.647,6.263E-4,1.001,-1.552E-4
3.648,0.001,1.001,-2.268E-4
3.649,9.311E-4,0.822,4.814E-4
3.650,0.001,-0.994,5.351E-4
3.651,0.001,-0.994,3.723E-4
3.652,0.002,-0.994,-1.195E-4
3.653,0.002,-0.994,4.904E-4
3.655,0.001,0.252,-1.356E-4
3.656,0.001,1.001,-1.892E-4
