Time (s) Run #1,Light Intensity (%) Run #1,Angle (rad) Run #1,Angular Velocity (rad/s) Run #1,Angular Acceleration (rad/s²) Run #1,Position (m) Run #1,Velocity (m/s) Run #1,Acceleration (m/s²) Run #1,Counts Run #1,Time (s) Run #2,Light Intensity (%) Run #2,Angle (rad) Run #2,Angular Velocity (rad/s) Run #2,Angular Acceleration (rad/s²) Run #2,Position (m) Run #2,Velocity (m/s) Run #2,Acceleration (m/s²) Run #2,Counts Run #2,Time (s) Run #3,Light Intensity (%) Run #3,Angle (rad) Run #3,Angular Velocity (rad/s) Run #3,Angular Acceleration (rad/s²) Run #3,Position (m) Run #3,Velocity (m/s) Run #3,Acceleration (m/s²) Run #3,Counts Run #3
0.000,0.6,0.000,,,0.0000,,,0,0.000,0.2,0.000,,,0.0000,,,0,0.000,0.0,0.000,,,0.0000,,,0
0.050,0.6,0.000,0.000,,0.0000,0.000,,0,0.050,0.2,0.000,0.000,,0.0000,0.000,,0,0.050,0.0,0.000,0.000,,0.0000,0.000,,0
0.100,0.6,0.000,0.000,0.000,0.0000,0.000,0.000,0,0.100,0.2,0.000,0.000,0.000,0.0000,0.000,0.000,0,0.100,0.0,0.000,0.000,0.000,0.0000,0.000,0.000,0
0.150,0.6,0.000,0.000,0.000,0.0000,0.000,0.000,0,0.150,0.2,0.000,0.000,0.000,0.0000,0.000,0.000,0,0.150,0.0,0.000,0.000,0.000,0.0000,0.000,0.000,0
0.200,0.6,0.000,0.000,0.000,0.0000,0.000,0.000,0,0.200,0.2,0.000,0.000,0.000,0.0000,0.000,0.000,0,0.200,0.0,0.000,0.000,0.000,0.0000,0.000,0.000,0
0.250,0.6,0.000,0.000,0.000,0.0000,0.000,0.000,0,0.250,0.2,0.000,0.000,0.000,0.0000,0.000,0.000,0,0.250,0.0,0.000,0.000,0.000,0.0000,0.000,0.000,0
0.300,0.6,0.000,0.000,0.000,0.0000,0.000,0.000,0,0.300,0.2,0.000,0.000,0.000,0.0000,0.000,0.000,0,0.300,0.0,0.000,0.000,0.000,0.0000,0.000,0.000,0
0.350,0.6,0.000,0.000,0.000,0.0000,0.000,0.000,0,0.350,0.2,0.000,0.000,0.000,0.0000,0.000,0.000,0,0.350,0.0,0.000,0.000,0.000,0.0000,0.000,0.000,0
0.400,0.6,0.000,0.000,0.000,0.0000,0.000,0.000,0,0.400,0.2,0.000,0.000,0.000,0.0000,0.000,0.000,0,0.400,0.0,0.000,0.000,0.000,0.0000,0.000,0.000,0
0.450,0.6,0.000,0.000,0.000,0.0000,0.000,0.000,0,0.450,0.2,0.000,0.000,0.000,0.0000,0.000,0.000,0,0.450,0.0,0.000,0.000,0.000,0.0000,0.000,0.000,0
0.500,0.6,0.000,0.000,0.000,0.0000,0.000,0.000,0,0.500,0.2,0.000,0.000,0.000,0.0000,0.000,0.000,0,0.500,0.0,0.000,0.000,0.000,0.0000,0.000,0.000,0
0.550,0.6,0.000,0.000,0.000,0.0000,0.000,0.000,0,0.550,0.2,0.000,0.000,0.000,0.0000,0.000,0.000,0,0.550,0.0,0.000,0.000,0.000,0.0000,0.000,0.000,0
0.600,0.6,0.000,0.000,0.000,0.0000,0.000,0.000,0,0.600,0.2,0.000,0.000,0.000,0.0000,0.000,0.000,0,0.600,0.0,0.000,0.000,0.000,0.0000,0.000,0.000,0
0.650,0.6,0.000,0.000,0.000,0.0000,0.000,0.000,0,0.650,0.2,0.000,0.000,0.000,0.0000,0.000,0.000,0,0.650,0.0,0.000,0.000,0.000,0.0000,0.000,0.000,0
0.700,0.6,0.000,0.000,0.000,0.0000,0.000,0.000,0,0.700,0.2,0.000,0.000,0.000,0.0000,0.000,0.000,0,0.700,0.0,0.000,0.000,0.000,0.0000,0.000,0.000,0
0.750,0.6,0.000,0.000,0.000,0.0000,0.000,0.000,0,0.750,0.2,0.000,0.000,0.000,0.0000,0.000,0.000,0,0.750,0.0,0.000,0.000,0.000,0.0000,0.000,0.000,0
0.800,0.6,0.000,0.000,0.000,0.0000,0.000,0.000,0,0.800,0.2,0.000,0.000,0.194,0.0000,0.000,0.005,0,0.800,0.0,0.000,0.000,0.000,0.0000,0.000,0.000,0
0.850,0.6,0.000,0.000,0.000,0.0000,0.000,0.000,0,0.850,0.2,0.000,0.000,0.582,0.0000,0.000,0.014,0,0.850,0.0,0.000,0.000,0.000,0.0000,0.000,0.000,0
0.900,0.6,0.000,0.000,0.000,0.0000,0.000,0.000,0,0.900,0.2,0.000,0.058,0.776,0.0000,0.001,0.019,0,0.900,0.0,0.000,0.000,0.000,0.0000,0.000,0.000,0
0.950,0.6,0.000,0.000,0.000,0.0000,0.000,0.000,0,0.950,0.2,0.000,0.116,0.582,0.0000,0.003,0.014,0,0.950,0.0,0.000,0.000,0.000,0.0000,0.000,0.000,0
1.000,0.6,0.000,0.000,0.000,0.0000,0.000,0.000,0,1.000,0.2,0.017,0.116,0.582,4.1667E-4,0.003,0.014,1,1.000,0.0,0.000,0.000,0.000,0.0000,0.000,0.000,0
1.050,0.6,0.000,0.000,0.000,0.0000,0.000,0.000,0,1.050,0.2,0.017,0.116,3.491,4.1667E-4,0.003,0.083,1,1.050,0.0,0.000,0.000,0.000,0.0000,0.000,0.000,0
1.100,0.6,0.000,0.000,0.000,0.0000,0.000,0.000,0,1.100,0.2,0.017,0.233,12.217,4.1667E-4,0.006,0.292,1,1.100,0.0,0.000,0.000,0.000,0.0000,0.000,0.000,0
1.150,0.6,0.000,0.000,0.000,0.0000,0.000,0.000,0,1.150,0.2,0.035,1.047,22.689,8.3333E-4,0.025,0.542,2,1.150,0.0,0.000,0.000,0.000,0.0000,0.000,0.000,0
1.200,0.6,0.000,0.000,0.000,0.0000,0.000,0.000,0,1.200,0.2,0.070,2.851,26.180,0.0017,0.068,0.625,4,1.200,0.0,0.000,0.000,0.000,0.0000,0.000,0.000,0
1.250,0.6,0.000,0.000,0.000,0.0000,0.000,0.000,0,1.250,0.2,0.279,4.305,21.332,0.0067,0.103,0.509,16,1.250,0.0,0.000,0.000,0.000,0.0000,0.000,0.000,0
1.300,0.6,0.000,0.000,0.000,0.0000,0.000,0.000,0,1.300,0.2,0.628,4.829,16.096,0.0150,0.115,0.384,36,1.300,0.0,0.000,0.000,0.000,0.0000,0.000,0.000,0
1.350,0.6,0.000,0.000,0.000,0.0000,0.000,0.000,0,1.350,0.2,0.768,5.469,15.514,0.0183,0.131,0.370,44,1.350,0.0,0.000,0.000,0.000,0.0000,0.000,0.000,0
1.400,0.6,0.000,0.000,0.000,0.0000,0.000,0.000,0,1.400,0.2,1.030,6.516,12.023,0.0246,0.156,0.287,59,1.400,0.0,0.000,0.000,0.000,0.0000,0.000,0.000,0
1.450,0.6,0.000,0.000,0.000,0.0000,0.000,0.000,0,1.450,0.2,1.518,7.272,0.194,0.0362,0.174,0.005,87,1.450,0.0,0.000,0.000,0.000,0.0000,0.000,0.000,0
1.500,0.6,0.000,0.000,0.000,0.0000,0.000,0.000,0,1.500,0.2,1.833,6.632,-12.605,0.0437,0.158,-0.301,105,1.500,0.0,0.000,0.000,0.000,0.0000,0.000,0.000,0
1.550,0.6,0.000,0.000,0.000,0.0000,0.000,0.000,0,1.550,0.2,2.147,5.411,-15.320,0.0512,0.129,-0.366,123,1.550,0.0,0.000,0.000,0.000,0.0000,0.000,0.000,0
1.600,0.6,0.000,0.000,0.000,0.0000,0.000,0.000,0,1.600,0.2,2.391,4.596,-4.266,0.0571,0.110,-0.102,137,1.600,0.0,0.000,0.000,0.000,0.0000,0.000,0.000,0
1.650,0.6,0.000,0.000,0.000,0.0000,0.000,0.000,0,1.650,0.2,2.583,4.712,11.054,0.0617,0.113,0.264,148,1.650,0.0,0.000,0.000,0.000,0.0000,0.000,0.000,0
1.700,0.6,0.000,0.000,0.000,0.0000,0.000,0.000,0,1.700,0.2,2.775,6.050,17.065,0.0662,0.144,0.407,159,1.700,0.0,0.000,0.000,0.000,0.0000,0.000,0.000,0
1.750,0.6,0.000,0.000,0.000,0.0000,0.000,0.000,0,1.750,0.2,3.176,7.272,8.533,0.0758,0.174,0.204,182,1.750,0.0,0.000,0.000,0.000,0.0000,0.000,0.000,0
1.800,0.6,0.000,0.000,0.000,0.0000,0.000,0.000,0,1.800,0.2,3.613,7.156,-4.654,0.0862,0.171,-0.111,207,1.800,0.0,0.000,0.000,0.000,0.0000,0.000,0.000,0
1.850,0.6,0.000,0.000,0.000,0.0000,0.000,0.000,0,1.850,0.2,3.927,6.167,-8.533,0.0937,0.147,-0.204,225,1.850,0.0,0.000,0.000,0.000,0.0000,0.000,0.000,0
1.900,0.6,0.000,0.000,0.000,0.0000,0.000,0.000,0,1.900,0.2,4.171,5.760,-1.551,0.0996,0.138,-0.037,239,1.900,0.0,0.000,0.000,0.000,0.0000,0.000,0.000,0
1.950,0.6,0.000,0.000,0.000,0.0000,0.000,0.000,0,1.950,0.2,4.468,6.109,7.369,0.1067,0.146,0.176,256,1.950,0.0,0.000,0.000,0.000,0.0000,0.000,0.000,0
2.000,0.6,0.000,0.000,0.194,0.0000,0.000,0.005,0,2.000,0.2,4.800,6.749,12.023,0.1146,0.161,0.287,275,2.000,0.0,0.000,0.000,0.000,0.0000,0.000,0.000,0
2.050,0.6,0.000,0.000,1.551,0.0000,0.000,0.037,0,2.050,0.2,5.131,7.389,13.381,0.1225,0.176,0.319,294,2.050,0.0,0.000,0.000,0.000,0.0000,0.000,0.000,0
2.100,0.6,0.000,0.058,5.042,0.0000,0.001,0.120,0,2.100,0.2,5.533,8.087,12.993,0.1321,0.193,0.310,317,2.100,0.0,0.000,0.000,0.000,0.0000,0.000,0.000,0
2.150,0.6,0.000,0.407,9.696,0.0000,0.010,0.231,0,2.150,0.3,5.952,8.785,10.084,0.1421,0.210,0.241,341,2.150,0.0,0.000,0.000,0.000,0.0000,0.000,0.000,0
2.200,0.6,0.017,1.105,13.963,4.1667E-4,0.026,0.333,1,2.200,0.2,6.405,9.250,3.103,0.1529,0.221,0.074,367,2.200,0.0,0.000,0.000,0.000,0.0000,0.000,0.000,0
2.250,0.6,0.105,1.862,18.229,0.0025,0.044,0.435,6,2.250,0.2,6.894,9.250,-5.430,0.1646,0.221,-0.130,395,2.250,0.0,0.000,0.000,0.000,0.0000,0.000,0.000,0
2.300,0.5,0.227,2.793,24.241,0.0054,0.067,0.579,13,2.300,0.2,7.365,8.552,-9.890,0.1758,0.204,-0.236,422,2.300,0.0,0.000,0.000,0.000,0.0000,0.000,0.000,0
2.350,0.5,0.349,4.189,29.283,0.0083,0.100,0.699,20,2.350,0.3,7.767,7.854,-6.981,0.1854,0.187,-0.167,445,2.350,0.0,0.000,0.000,0.000,0.0000,0.000,0.000,0
2.400,0.3,0.611,6.050,26.762,0.0146,0.144,0.639,35,2.400,0.3,8.098,7.679,0.582,0.1933,0.183,0.014,464,2.400,0.0,0.000,0.000,0.000,0.0000,0.000,0.000,0
2.450,0.3,0.977,7.389,14.738,0.0233,0.176,0.352,56,2.450,0.3,8.517,8.029,8.145,0.2033,0.192,0.194,488,2.450,0.0,0.000,0.000,0.000,0.0000,0.000,0.000,0
2.500,0.2,1.414,7.621,-1.745,0.0337,0.182,-0.042,81,2.500,0.3,8.919,8.552,16.096,0.2129,0.204,0.384,511,2.500,0.0,0.000,0.000,0.000,0.0000,0.000,0.000,0
2.550,0.2,1.763,7.039,-16.484,0.0421,0.168,-0.394,101,2.550,0.2,9.355,9.425,23.853,0.2233,0.225,0.569,536,2.550,0.0,0.000,0.000,0.000,0.0000,0.000,0.000,0
2.600,0.2,2.112,5.876,-27.150,0.0504,0.140,-0.648,121,2.600,0.2,9.826,11.112,25.404,0.2346,0.265,0.606,563,2.600,0.0,0.000,0.000,0.000,0.0000,0.000,0.000,0
2.650,0.2,2.391,4.189,-30.640,0.0571,0.100,-0.731,137,2.650,0.2,10.437,12.625,16.678,0.2492,0.301,0.398,598,2.650,0.0,0.000,0.000,0.000,0.0000,0.000,0.000,0
2.700,0.2,2.548,2.327,-23.465,0.0608,0.056,-0.560,146,2.700,0.2,11.170,12.974,4.848,0.2667,0.310,0.116,640,2.700,0.0,0.000,0.000,0.000,0.0000,0.000,0.000,0
2.750,0.2,2.583,1.396,-8.339,0.0617,0.033,-0.199,148,2.750,0.2,11.798,12.566,0.582,0.2817,0.300,0.014,676,2.750,0.0,0.000,0.000,0.000,0.0000,0.000,0.000,0
2.800,0.2,2.618,1.629,4.848,0.0625,0.039,0.116,150,2.800,0.2,12.357,12.625,1.745,0.2950,0.301,0.042,708,2.800,0.0,0.000,0.000,0.194,0.0000,0.000,0.005,0
2.850,0.2,2.740,2.385,8.145,0.0654,0.057,0.194,157,2.850,0.2,13.020,13.148,-3.297,0.3108,0.314,-0.079,746,2.850,0.0,0.000,0.000,0.582,0.0000,0.000,0.014,0
2.900,0.2,2.880,2.793,3.879,0.0687,0.067,0.093,165,2.900,0.2,13.736,12.915,-16.678,0.3279,0.308,-0.398,787,2.900,0.0,0.000,0.058,0.776,0.0000,0.001,0.019,0
2.950,0.2,3.037,2.676,0.776,0.0725,0.064,0.019,174,2.950,0.2,14.364,11.286,-26.956,0.3429,0.269,-0.644,823,2.950,0.0,0.000,0.116,0.388,0.0000,0.003,0.009,0
3.000,0.2,3.159,2.502,3.103,0.0754,0.060,0.074,181,3.000,0.2,14.888,9.483,-22.495,0.3554,0.226,-0.537,853,3.000,0.0,0.017,0.116,-0.388,4.1667E-4,0.003,-0.009,1
3.050,0.2,3.264,2.909,5.624,0.0779,0.069,0.134,187,3.050,0.2,15.254,8.494,-7.563,0.3642,0.203,-0.181,874,3.050,0.0,0.017,0.058,6.939E-16,4.1667E-4,0.001,2.602E-17,1
3.100,0.2,3.403,3.491,0.776,0.0812,0.083,0.019,195,3.100,0.2,15.691,8.959,0.970,0.3746,0.214,0.023,899,3.100,0.0,0.017,0.000,3.879,4.1667E-4,0.000,0.093,1
3.150,0.2,3.665,3.374,-10.666,0.0875,0.081,-0.255,210,3.150,0.2,16.109,9.541,-6.593,0.3846,0.228,-0.157,923,3.150,0.0,0.017,0.233,12.411,4.1667E-4,0.006,0.296,1
3.200,0.2,3.805,2.269,-19.199,0.0908,0.054,-0.458,218,3.200,0.2,16.720,8.727,-25.016,0.3992,0.208,-0.597,958,3.200,0.0,0.017,1.105,20.944,4.1667E-4,0.026,0.500,1
3.250,0.2,3.875,0.931,-20.168,0.0925,0.022,-0.481,222,3.250,0.2,17.087,6.749,-38.203,0.4079,0.161,-0.912,979,3.250,0.0,0.087,2.676,19.780,0.0021,0.064,0.472,5
3.300,0.2,3.875,0.175,-19.393,0.0925,0.004,-0.463,222,3.300,0.2,17.331,4.247,-36.652,0.4137,0.101,-0.875,993,3.300,0.1,0.279,3.840,4.266,0.0067,0.092,0.102,16
3.350,0.2,3.875,-0.582,-22.883,0.0925,-0.014,-0.546,222,3.350,0.2,17.523,2.560,-22.883,0.4183,0.061,-0.546,1004,3.350,0.1,0.559,3.432,-17.453,0.0133,0.082,-0.417,32
3.400,0.2,3.857,-2.036,-26.568,0.0921,-0.049,-0.634,221,3.400,0.2,17.558,1.920,-6.593,0.4192,0.046,-0.157,1006,3.400,0.1,0.698,1.629,-29.477,0.0167,0.039,-0.704,40
3.450,0.2,3.718,-3.723,-21.332,0.0887,-0.089,-0.509,213,3.450,0.2,17.628,2.211,2.327,0.4208,0.053,0.056,1010,3.450,0.1,0.698,-0.349,-24.629,0.0167,-0.008,-0.588,40
3.500,0.2,3.421,-4.654,-7.757,0.0817,-0.111,-0.185,196,3.500,0.2,17.802,2.618,2.715,0.4250,0.063,0.065,1020,3.500,0.1,0.628,-1.222,-10.084,0.0150,-0.029,-0.241,36
3.550,0.2,3.194,-4.363,4.266,0.0762,-0.104,0.102,183,3.550,0.2,17.942,2.560,1.939,0.4283,0.061,0.046,1028,3.550,0.1,0.524,-1.105,2.133,0.0125,-0.026,0.051,30
3.600,0.2,2.985,-3.723,7.175,0.0712,-0.089,0.171,171,3.600,0.2,18.029,2.385,6.787,0.4304,0.057,0.162,1033,3.600,0.1,0.506,-0.640,6.206,0.0121,-0.015,0.148,29
3.650,0.2,2.845,-3.374,2.521,0.0679,-0.081,0.060,163,3.650,0.2,18.169,3.025,14.157,0.4337,0.072,0.338,1041,3.650,0.1,0.489,-0.291,4.072,0.0117,-0.007,0.097,28
3.700,0.2,2.653,-3.491,-2.133,0.0633,-0.083,-0.051,152,3.700,0.2,18.291,4.189,16.096,0.4367,0.100,0.384,1048,3.700,0.1,0.471,-0.175,-4.848,0.0112,-0.004,-0.116,27
3.750,0.2,2.513,-3.840,-2.715,0.0600,-0.092,-0.065,144,3.750,0.2,18.588,5.003,10.472,0.4437,0.119,0.250,1065,3.750,0.1,0.471,-0.349,-19.199,0.0112,-0.008,-0.458,27
3.800,0.2,2.269,-3.898,-0.582,0.0542,-0.093,-0.014,130,3.800,0.2,18.867,5.236,4.266,0.4504,0.125,0.102,1081,3.800,0.1,0.471,-2.036,-28.119,0.0112,-0.049,-0.671,27
3.850,0.2,2.077,-3.782,-0.194,0.0496,-0.090,-0.005,119,3.850,0.2,19.094,5.120,1.551,0.4558,0.122,0.037,1094,3.850,0.1,0.384,-4.189,-18.229,0.0092,-0.100,-0.435,22
3.900,0.2,1.920,-3.723,-4.072,0.0458,-0.089,-0.097,110,3.900,0.2,19.356,5.352,-7.994E-14,0.4621,0.128,9.714E-16,1109,3.900,0.0,-0.052,-4.771,11.248,-0.0012,-0.114,0.269,-3
3.950,0.2,1.728,-4.072,-9.502,0.0412,-0.097,-0.227,99,3.950,0.2,19.635,5.352,-2.521,0.4687,0.128,-0.060,1125,3.950,0.0,-0.262,-3.083,42.276,-0.0062,-0.074,1.009,-15
4.000,0.2,1.501,-4.829,-11.248,0.0358,-0.115,-0.269,86,4.000,0.2,19.932,5.003,-5.042,0.4758,0.119,-0.120,1142,4.000,0.0,-0.314,0.233,58.565,-0.0075,0.006,1.398,-18
4.050,0.2,1.274,-5.527,-5.042,0.0304,-0.132,-0.120,73,4.050,0.2,20.124,4.712,-5.236,0.4804,0.113,-0.125,1153,4.050,0.0,-0.279,3.491,56.044,-0.0067,0.083,1.338,-16
4.100,0.2,0.925,-5.643,7.175,0.0221,-0.135,0.171,53,4.100,0.2,20.368,4.480,-4.266,0.4862,0.107,-0.102,1167,4.100,0.0,0.035,6.225,40.530,8.3333E-4,0.149,0.968,2
4.150,0.3,0.646,-4.771,16.872,0.0154,-0.114,0.403,37,4.150,0.2,20.612,4.305,-1.551,0.4921,0.103,-0.037,1181,4.150,0.0,0.436,7.738,21.914,0.0104,0.185,0.523,25
4.200,0.3,0.436,-3.432,17.259,0.0104,-0.082,0.412,25,4.200,0.2,20.787,4.131,3.103,0.4962,0.099,0.074,1191,4.200,0.1,0.838,8.145,6.787,0.0200,0.194,0.162,48
4.250,0.4,0.332,-2.676,8.727,0.0079,-0.064,0.208,19,4.250,0.2,20.996,4.596,6.400,0.5012,0.110,0.153,1203,4.250,0.1,1.239,8.145,-1.745,0.0296,0.194,-0.042,71
4.300,0.5,0.209,-2.560,-1.164,0.0050,-0.061,-0.028,12,4.300,0.2,21.223,5.120,4.654,0.5067,0.122,0.111,1216,4.300,0.0,1.676,7.854,-4.072,0.0400,0.187,-0.097,96
4.350,0.5,0.070,-3.025,-4.460,0.0017,-0.072,-0.106,4,4.350,0.2,21.555,5.236,-0.582,0.5146,0.125,-0.014,1235,4.350,0.0,2.042,7.505,-0.970,0.0487,0.179,-0.023,117
4.400,0.6,-0.070,-3.432,0.194,-0.0017,-0.082,0.005,-4,4.400,0.2,21.764,4.887,-3.685,0.5196,0.117,-0.088,1247,4.400,0.0,2.391,7.563,4.654,0.0571,0.181,0.111,137
4.450,0.6,-0.297,-3.142,6.787,-0.0071,-0.075,0.162,-17,4.450,0.2,22.026,4.654,-4.072,0.5258,0.111,-0.097,1262,4.450,0.0,2.775,8.145,7.175,0.0662,0.194,0.171,159
4.500,0.4,-0.454,-2.385,6.593,-0.0108,-0.057,0.157,-26,4.500,0.2,22.218,4.596,-3.491,0.5304,0.110,-0.083,1273,4.500,0.0,3.211,8.610,3.297,0.0767,0.206,0.079,184
4.550,0.4,-0.489,-2.036,-0.194,-0.0117,-0.049,-0.005,-28,4.550,0.2,22.497,4.305,-3.297,0.5371,0.103,-0.079,1289,4.550,0.0,3.665,8.610,-4.460,0.0875,0.206,-0.106,210
4.600,0.4,-0.593,-2.560,-3.879,-0.0142,-0.061,-0.093,-34,4.600,0.2,22.672,4.189,-2.133,0.5413,0.100,-0.051,1299,4.600,0.0,4.084,8.087,-11.829,0.0975,0.193,-0.282,234
4.650,0.3,-0.768,-3.025,1.745,-0.0183,-0.072,0.042,-44,4.650,0.2,22.864,4.072,1.357,0.5458,0.097,0.032,1310,4.650,0.2,4.485,7.330,-14.738,0.1071,0.175,-0.352,257
4.700,0.3,-0.942,-2.560,11.636,-0.0225,-0.061,0.278,-54,4.700,0.2,23.108,4.189,6.981,0.5517,0.100,0.167,1324,4.700,0.7,4.817,6.341,-10.278,0.1150,0.151,-0.245,276
4.750,0.2,-1.047,-1.513,16.678,-0.0250,-0.036,0.398,-60,4.750,0.2,23.283,4.712,11.442,0.5558,0.112,0.273,1334,4.750,0.8,5.131,5.934,-0.194,0.1225,0.142,-0.005,294
4.800,0.2,-1.082,-0.582,17.065,-0.0258,-0.014,0.407,-62,4.800,0.2,23.510,5.643,9.308,0.5612,0.135,0.222,1347,4.800,0.8,5.341,6.400,9.114,0.1275,0.153,0.218,306
4.850,0.2,-1.082,-2.220E-15,20.944,-0.0258,0.000,0.500,-62,4.850,0.2,23.876,6.050,1.551,0.5700,0.144,0.037,1368,4.850,0.3,5.742,7.214,11.054,0.1371,0.172,0.264,329
4.900,0.2,-1.082,1.047,32.192,-0.0258,0.025,0.769,-62,4.900,0.2,24.208,5.643,-4.072,0.5779,0.135,-0.097,1387,4.900,0.0,6.126,7.796,7.563,0.1462,0.186,0.181,351
4.950,0.2,-1.047,3.142,44.021,-0.0250,0.075,1.051,-60,4.950,0.2,24.400,5.178,-2.909,0.5825,0.124,-0.069,1398,4.950,0.0,6.510,7.854,4.266,0.1554,0.187,0.102,373
5.000,0.3,-0.803,5.934,45.766,-0.0192,0.142,1.093,-46,5.000,0.2,24.679,5.294,-0.194,0.5892,0.126,-0.005,1414,5.000,0.0,6.912,8.029,4.654,0.1650,0.192,0.111,396
5.050,0.3,-0.419,8.319,35.876,-0.0100,0.199,0.856,-24,5.050,0.2,24.958,5.527,-2.521,0.5958,0.132,-0.060,1430,5.050,0.0,7.313,8.261,7.757,0.1746,0.197,0.185,419
5.100,0.5,0.070,9.599,21.526,0.0017,0.229,0.514,4,5.100,0.2,25.237,5.236,-10.084,0.6025,0.125,-0.241,1446,5.100,0.0,7.732,8.785,8.533,0.1846,0.210,0.204,443
5.150,0.5,0.576,10.239,10.084,0.0137,0.244,0.241,33,5.150,0.2,25.499,4.480,-16.678,0.6088,0.107,-0.398,1461,5.150,0.0,8.168,9.425,2.327,0.1950,0.225,0.056,468
5.200,0.3,1.082,10.472,2.327,0.0258,0.250,0.056,62,5.200,0.2,25.709,3.316,-14.350,0.6137,0.079,-0.343,1473,5.200,0.0,8.692,9.425,-10.278,0.2075,0.225,-0.245,498
5.250,0.2,1.641,10.472,-4.266,0.0392,0.250,-0.102,94,5.250,0.2,25.831,2.443,-0.970,0.6167,0.058,-0.023,1480,5.250,0.0,9.180,8.319,-20.168,0.2192,0.199,-0.481,526
5.300,0.2,2.147,10.065,-8.727,0.0512,0.240,-0.208,123,5.300,0.2,25.901,2.967,16.096,0.6183,0.071,0.384,1484,5.300,0.0,9.547,6.807,-18.229,0.2279,0.163,-0.435,547
5.350,0.2,2.653,9.367,-8.727,0.0633,0.224,-0.208,152,5.350,0.2,26.040,4.538,24.822,0.6217,0.108,0.593,1492,5.350,0.0,9.809,5.992,-6.593,0.2342,0.143,-0.157,562
5.400,0.2,3.089,8.959,-4.266,0.0737,0.214,-0.102,177,5.400,0.3,26.389,6.050,21.138,0.6300,0.144,0.505,1512,5.400,0.0,10.105,6.283,3.879,0.2412,0.150,0.093,579
5.450,0.2,3.508,8.959,0.388,0.0837,0.214,0.009,201,5.450,0.3,26.704,6.807,11.636,0.6375,0.162,0.278,1530,5.450,0.0,10.420,6.865,6.981,0.2487,0.164,0.167,597
5.500,0.2,3.979,9.192,1.745,0.0950,0.219,0.042,228,5.500,0.3,27.053,7.039,1.939,0.6458,0.168,0.046,1550,5.500,0.0,10.821,7.098,6.206,0.2583,0.169,0.148,620
5.550,0.2,4.451,9.250,0.388,0.1062,0.221,0.009,255,5.550,0.3,27.419,7.039,-6.787,0.6546,0.168,-0.162,1571,5.550,0.0,11.153,7.272,7.951,0.2662,0.174,0.190,639
5.600,0.2,4.904,9.192,-2.133,0.1171,0.219,-0.051,281,5.600,0.3,27.786,6.400,-14.157,0.6633,0.153,-0.338,1592,5.600,0.0,11.502,7.738,10.472,0.2746,0.185,0.250,659
5.650,0.2,5.358,9.076,-5.236,0.1279,0.217,-0.125,307,5.650,0.4,28.082,5.411,-17.647,0.6704,0.129,-0.421,1609,5.650,0.0,11.921,8.610,7.563,0.2846,0.206,0.181,683
5.700,0.2,5.829,8.727,-8.921,0.1392,0.208,-0.213,334,5.700,0.4,28.309,4.422,-15.514,0.6758,0.106,-0.370,1622,5.700,0.0,12.374,8.901,-1.551,0.2954,0.212,-0.037,709
5.750,0.2,6.248,8.145,-11.248,0.1492,0.194,-0.269,358,5.750,0.4,28.519,3.723,-8.533,0.6808,0.089,-0.204,1634,5.750,0.0,12.863,8.378,-9.890,0.3071,0.200,-0.236,737
5.800,0.2,6.632,7.447,-10.472,0.1583,0.178,-0.250,380,5.800,0.5,28.676,3.432,2.715,0.6846,0.082,0.065,1643,5.800,0.0,13.230,7.505,-8.921,0.3158,0.179,-0.213,758
5.850,0.2,6.999,6.981,-6.787,0.1671,0.167,-0.162,401,5.850,0.5,28.833,3.840,15.126,0.6883,0.092,0.361,1652,5.850,0.0,13.579,7.039,0.776,0.3242,0.168,0.019,778
5.900,0.2,7.313,6.749,-2.327,0.1746,0.161,-0.056,419,5.900,0.6,29.025,5.120,22.495,0.6929,0.122,0.537,1663,5.900,0.0,13.910,7.563,12.411,0.3321,0.181,0.296,797
5.950,0.3,7.662,6.807,0.582,0.1829,0.162,0.014,439,5.950,0.9,29.322,6.574,20.556,0.7000,0.157,0.491,1680,5.950,0.0,14.294,8.552,19.586,0.3412,0.204,0.468,819
6.000,0.3,7.994,6.923,1.745,0.1908,0.165,0.042,458,6.000,3.7,29.723,7.447,12.217,0.7096,0.178,0.292,1703,6.000,0.0,14.783,9.716,20.944,0.3529,0.232,0.500,847
6.050,0.3,8.360,6.981,1.551,0.1996,0.167,0.037,479,6.050,4.0,30.107,7.679,4.266,0.7187,0.183,0.102,1725,6.050,0.0,15.272,10.763,17.259,0.3646,0.257,0.412,875
6.100,0.3,8.692,7.098,0.194,0.2075,0.169,0.005,498,6.100,4.0,30.473,7.679,-0.388,0.7275,0.183,-0.009,1746,6.100,0.0,15.848,11.636,7.175,0.3783,0.278,0.171,908
6.150,0.3,9.058,7.098,-1.357,0.2162,0.169,-0.032,519,6.150,2.7,30.875,7.621,-2.909,0.7371,0.182,-0.069,1769,6.150,0.0,16.458,11.810,-7.757,0.3929,0.282,-0.185,943
6.200,0.3,9.425,6.865,1.357,0.2250,0.164,0.032,540,6.200,0.7,31.259,7.389,-4.072,0.7462,0.176,-0.097,1791,6.200,0.0,17.087,10.821,-20.556,0.4079,0.258,-0.491,979
6.250,0.3,9.756,6.807,11.829,0.2329,0.163,0.282,559,6.250,0.5,31.608,7.098,-4.266,0.7546,0.169,-0.102,1811,6.250,0.0,17.575,9.250,-23.659,0.4196,0.221,-0.565,1007
6.300,0.3,10.053,7.796,22.301,0.2400,0.186,0.532,576,6.300,0.4,31.957,6.981,-4.460,0.7629,0.167,-0.106,1831,6.300,0.0,17.977,8.029,-18.811,0.4292,0.192,-0.449,1030
6.350,0.4,10.472,9.716,16.096,0.2500,0.232,0.384,600,6.350,0.4,32.306,6.749,-4.460,0.7713,0.161,-0.106,1851,6.350,0.0,18.343,7.505,-15.126,0.4379,0.179,-0.361,1051
6.400,0.4,11.048,10.647,-12.411,0.2637,0.254,-0.296,633,6.400,0.3,32.655,6.400,-2.715,0.7796,0.153,-0.065,1871,6.400,0.0,18.727,6.923,-17.259,0.4471,0.165,-0.412,1073
6.450,0.4,11.676,8.785,-45.572,0.2787,0.210,-1.088,669,6.450,0.3,32.934,6.341,0.776,0.7862,0.151,0.019,1887,6.450,0.1,19.076,5.818,-20.556,0.4554,0.139,-0.491,1093
6.500,0.4,12.043,5.003,-58.178,0.2875,0.119,-1.389,690,6.500,0.3,33.249,6.574,2.715,0.7937,0.157,0.065,1905,6.500,0.1,19.321,4.538,-18.617,0.4612,0.108,-0.444,1107
6.550,0.4,12.113,1.687,-41.888,0.2892,0.040,-1.000,694,6.550,0.3,33.615,6.807,0.776,0.8025,0.162,0.019,1926,6.550,0.1,19.495,3.723,-12.217,0.4654,0.089,-0.292,1117
6.600,0.4,12.113,0.291,-10.472,0.2892,0.007,-0.250,694,6.600,0.3,33.947,6.749,-3.879,0.8104,0.161,-0.093,1945,6.600,0.1,19.670,3.432,-7.175,0.4696,0.082,-0.171,1127
6.650,0.4,12.113,0.931,17.453,0.2892,0.022,0.417,694,6.650,0.3,34.278,6.400,-8.727,0.8183,0.153,-0.208,1964,6.650,0.3,19.844,3.258,-6.400,0.4737,0.078,-0.153,1137
6.700,0.3,12.130,2.618,31.222,0.2896,0.063,0.745,695,6.700,0.3,34.610,5.818,-9.308,0.8262,0.139,-0.222,1983,6.700,0.3,20.001,2.851,-7.175,0.4775,0.068,-0.171,1146
6.750,0.3,12.374,4.596,30.058,0.2954,0.110,0.718,709,6.750,0.2,34.872,5.120,-3.103,0.8325,0.122,-0.074,1998,6.750,0.3,20.141,2.385,-5.042,0.4808,0.057,-0.120,1154
6.800,0.3,12.636,5.992,20.750,0.3017,0.143,0.495,724,6.800,0.2,35.099,5.236,5.236,0.8379,0.125,0.125,2011,6.800,0.3,20.228,2.153,2.133,0.4829,0.051,0.051,1159
6.850,0.3,12.985,6.574,10.666,0.3100,0.157,0.255,744,6.850,0.2,35.325,6.050,6.787,0.8433,0.144,0.162,2024,6.850,0.3,20.333,2.443,12.993,0.4854,0.058,0.310,1165
6.900,0.3,13.317,6.865,4.266,0.3179,0.164,0.102,763,6.900,0.2,35.727,6.458,0.582,0.8529,0.154,0.014,2047,6.900,0.3,20.455,3.432,23.271,0.4883,0.082,0.556,1172
6.950,0.3,13.666,6.923,1.357,0.3262,0.165,0.032,783,6.950,0.2,36.058,5.934,-0.970,0.8608,0.142,-0.023,2066,6.950,0.3,20.647,5.003,26.762,0.4929,0.119,0.639,1183
7.000,0.4,14.015,6.923,1.164,0.3346,0.165,0.028,803,7.000,0.2,36.303,5.527,8.145,0.8667,0.132,0.194,2080,7.000,0.1,20.944,6.574,19.393,0.5000,0.157,0.463,1200
7.050,0.6,14.364,6.923,3.879,0.3429,0.165,0.093,823,7.050,0.2,36.530,6.690,16.290,0.8721,0.160,0.389,2093,7.050,0.1,21.345,7.330,3.685,0.5096,0.175,0.088,1223
7.100,0.8,14.696,7.214,7.175,0.3508,0.172,0.171,842,7.100,0.2,36.914,8.145,7.563,0.8812,0.194,0.181,2115,7.100,0.2,21.729,6.923,-11.442,0.5187,0.165,-0.273,1245
7.150,0.8,15.062,7.796,6.593,0.3596,0.186,0.157,863,7.150,0.2,37.455,8.203,-15.708,0.8942,0.196,-0.375,2146,7.150,0.2,22.061,5.760,-17.841,0.5267,0.137,-0.426,1264
7.200,0.4,15.481,8.203,-6.217E-14,0.3696,0.196,-6.384E-15,887,7.200,0.2,37.821,6.283,-32.967,0.9029,0.150,-0.787,2167,7.200,0.1,22.305,4.712,-14.157,0.5325,0.112,-0.338,1278
7.250,0.4,15.917,7.912,-8.339,0.3800,0.189,-0.199,912,7.250,0.2,38.083,3.840,-30.058,0.9092,0.092,-0.718,2182,7.250,0.1,22.497,4.189,-5.430,0.5371,0.100,-0.130,1289
7.300,0.4,16.301,7.098,-12.023,0.3892,0.169,-0.287,934,7.300,0.2,38.170,2.618,-12.023,0.9112,0.062,-0.287,2187,7.300,0.1,22.707,4.247,1.745,0.5421,0.101,0.042,1301
7.350,0.4,16.616,6.400,-8.921,0.3967,0.153,-0.213,952,7.350,0.2,38.258,2.851,3.879,0.9133,0.068,0.093,2192,7.350,0.1,22.916,4.596,3.879,0.5471,0.110,0.093,1313
7.400,0.4,16.912,6.109,-1.164,0.4038,0.146,-0.028,969,7.400,0.2,38.432,3.665,7.757,0.9175,0.088,0.185,2202,7.400,0.1,23.161,4.829,1.551,0.5529,0.115,0.037,1327
7.450,0.4,17.226,6.225,8.145,0.4112,0.149,0.194,987,7.450,0.2,38.676,3.956,3.297,0.9233,0.094,0.079,2216,7.450,0.1,23.422,4.771,-0.970,0.5592,0.114,-0.023,1342
7.500,0.4,17.523,6.923,15.514,0.4183,0.165,0.370,1004,7.500,0.2,38.851,3.840,-1.357,0.9275,0.092,-0.032,2226,7.500,0.1,23.649,4.538,-7.105E-14,0.5646,0.108,1.804E-15,1355
7.550,0.4,17.872,8.029,16.096,0.4267,0.192,0.384,1024,7.550,0.2,39.026,3.665,-2.715,0.9317,0.088,-0.065,2236,7.550,0.1,23.859,4.596,2.715,0.5696,0.110,0.065,1367
7.600,0.4,18.343,8.959,8.727,0.4379,0.214,0.208,1051,7.600,0.2,39.235,3.549,-1.357,0.9367,0.085,-0.032,2248,7.600,0.1,24.086,5.003,1.745,0.5750,0.119,0.042,1380
7.650,0.4,18.815,9.018,0.776,0.4492,0.215,0.019,1078,7.650,0.2,39.392,3.432,2.133,0.9404,0.082,0.051,2257,7.650,0.3,24.365,5.120,-5.624,0.5817,0.122,-0.134,1396
7.700,0.5,19.268,8.552,-0.388,0.4600,0.204,-0.009,1104,7.700,0.2,39.549,3.665,5.236,0.9442,0.088,0.125,2266,7.700,0.5,24.644,4.538,-15.514,0.5883,0.108,-0.370,1412
7.750,0.5,19.652,8.668,3.297,0.4692,0.207,0.079,1126,7.750,0.2,39.741,4.189,5.430,0.9487,0.100,0.130,2277,7.750,0.5,24.836,3.374,-21.720,0.5929,0.081,-0.519,1423
7.800,0.5,20.071,9.192,0.776,0.4792,0.219,0.019,1150,7.800,0.2,39.985,4.363,3.685,0.9546,0.104,0.088,2291,7.800,0.5,24.976,2.094,-21.332,0.5962,0.050,-0.509,1431
7.850,0.5,20.612,9.367,-13.963,0.4921,0.224,-0.333,1181,7.850,0.2,40.212,4.363,5.236,0.9600,0.104,0.125,2304,7.850,0.5,25.045,1.047,-14.932,0.5979,0.025,-0.356,1435
7.900,0.5,21.066,8.087,-32.192,0.5029,0.193,-0.769,1207,7.900,0.2,40.387,4.596,11.442,0.9642,0.110,0.273,2314,7.900,0.5,25.063,0.465,-5.430,0.5983,0.011,-0.130,1436
7.950,0.5,21.468,5.585,-39.367,0.5125,0.133,-0.940,1230,7.950,0.2,40.649,5.527,15.708,0.9704,0.132,0.375,2329,7.950,0.5,25.063,0.524,3.297,0.5983,0.013,0.079,1436
8.000,0.5,21.642,3.316,-29.089,0.5167,0.079,-0.694,1240,8.000,0.2,40.928,6.632,11.636,0.9771,0.158,0.278,2345,8.000,0.5,25.098,0.989,7.757,0.5992,0.024,0.185,1438
8.050,0.5,21.712,2.327,-10.084,0.5183,0.056,-0.241,1244,8.050,0.2,41.329,7.039,0.194,0.9867,0.168,0.005,2368,8.050,0.4,25.168,1.513,7.369,0.6008,0.036,0.176,1442
8.100,0.6,21.817,2.618,4.848,0.5208,0.063,0.116,1250,8.100,0.2,41.696,6.574,-7.951,0.9954,0.157,-0.190,2389,8.100,0.2,25.255,1.804,4.848,0.6029,0.043,0.116,1447
8.150,0.6,21.991,3.258,10.278,0.5250,0.078,0.245,1260,8.150,0.2,41.993,5.643,-5.236,1.0025,0.135,-0.125,2406,8.150,0.1,25.360,1.920,2.715,0.6054,0.046,0.065,1453
8.200,0.6,22.148,3.840,8.533,0.5287,0.092,0.204,1269,8.200,0.2,42.237,5.643,3.491,1.0083,0.135,0.083,2420,8.200,0.1,25.447,2.036,1.164,0.6075,0.049,0.028,1458
8.250,0.9,22.358,4.189,3.297,0.5337,0.100,0.079,1281,8.250,0.2,42.481,6.400,5.818,1.0142,0.153,0.139,2434,8.250,0.1,25.552,2.094,-0.970,0.6100,0.050,-0.023,1464
8.300,1.7,22.602,4.247,-1.745,0.5396,0.101,-0.042,1295,8.300,0.2,42.900,6.865,-3.491,1.0242,0.164,-0.083,2458,8.300,0.0,25.674,1.978,-3.103,0.6129,0.047,-0.074,1471
8.350,3.6,22.794,3.840,-3.297,0.5442,0.092,-0.079,1306,8.350,0.2,43.249,6.167,-13.575,1.0325,0.147,-0.324,2478,8.350,0.0,25.761,1.687,-4.072,0.6150,0.040,-0.097,1476
8.400,4.0,22.986,3.665,-1.939,0.5487,0.088,-0.046,1317,8.400,0.2,43.529,4.829,-10.666,1.0392,0.115,-0.255,2494,8.400,0.0,25.831,1.513,-4.654,0.6167,0.036,-0.111,1480
8.450,4.0,23.126,3.782,-1.164,0.5521,0.090,-0.028,1325,8.450,0.2,43.703,4.363,7.757,1.0433,0.104,0.185,2504,8.450,0.0,25.901,1.338,-6.206,0.6183,0.032,-0.148,1484
8.500,4.0,23.370,3.723,-2.521,0.5579,0.089,-0.060,1339,8.500,0.2,43.895,5.469,28.895,1.0479,0.131,0.690,2515,8.500,0.0,25.988,0.931,-7.175,0.6204,0.022,-0.171,1489
8.550,4.0,23.544,3.432,-2.909,0.5621,0.082,-0.069,1349,8.550,0.2,44.192,7.854,36.264,1.0550,0.188,0.866,2532,8.550,0.0,26.005,0.407,-2.327,0.6208,0.010,-0.056,1490
8.600,3.9,23.684,3.258,-2.715,0.5654,0.078,-0.065,1357,8.600,0.3,44.680,10.007,23.271,1.0667,0.239,0.556,2560,8.600,0.0,26.005,0.291,9.502,0.6208,0.007,0.227,1490
8.650,2.0,23.841,3.374,-5.236,0.5692,0.081,-0.125,1366,8.650,0.3,45.274,10.705,-1.357,1.0808,0.256,-0.032,2594,8.650,0.0,26.005,1.280,21.720,0.6208,0.031,0.519,1490
8.700,0.9,24.051,2.967,-8.727,0.5742,0.071,-0.208,1378,8.700,0.3,45.815,9.599,-22.495,1.0938,0.229,-0.537,2625,8.700,0.0,26.075,2.909,24.241,0.6225,0.069,0.579,1494
8.750,0.7,24.190,2.153,-5.042,0.5775,0.051,-0.120,1386,8.750,0.3,46.269,7.854,-33.161,1.1046,0.187,-0.792,2651,8.750,0.0,26.320,4.305,13.575,0.6283,0.103,0.324,1508
8.800,0.7,24.225,1.862,9.696,0.5783,0.044,0.231,1388,8.800,0.3,46.565,6.109,-36.070,1.1117,0.146,-0.861,2668,8.800,0.0,26.564,4.538,-2.521,0.6342,0.108,-0.060,1522
8.850,0.6,24.312,2.967,25.986,0.5804,0.071,0.620,1393,8.850,0.3,46.880,4.247,-35.488,1.1192,0.101,-0.847,2686,8.850,0.0,26.808,3.723,-13.963,0.6400,0.089,-0.333,1536
8.900,0.6,24.487,5.061,30.640,0.5846,0.121,0.731,1403,8.900,0.3,47.037,2.385,-29.865,1.1229,0.057,-0.713,2695,8.900,0.0,26.948,2.734,-16.096,0.6433,0.065,-0.384,1544
8.950,0.6,24.819,6.749,20.168,0.5925,0.161,0.481,1422,8.950,0.3,47.072,0.931,-17.841,1.1238,0.022,-0.426,2697,8.950,0.0,27.053,1.920,-12.023,0.6458,0.046,-0.287,1550
9.000,0.5,25.237,7.272,4.072,0.6025,0.174,0.097,1446,9.000,0.3,47.089,0.465,-4.663E-14,1.1242,0.011,-1.110E-15,2698,9.000,0.0,27.140,1.513,-6.206,0.6479,0.036,-0.148,1555
9.050,0.5,25.587,6.807,-6.981,0.6108,0.163,-0.167,1466,9.050,0.3,47.106,0.814,19.974,1.1246,0.019,0.477,2699,9.050,0.0,27.192,1.338,-1.164,0.6492,0.032,-0.028,1558
9.100,0.5,25.901,6.225,-11.248,0.6183,0.149,-0.269,1484,9.100,0.3,47.141,2.502,34.519,1.1254,0.060,0.824,2701,9.100,0.0,27.262,1.454,0.970,0.6508,0.035,0.023,1562
9.150,0.5,26.197,5.701,-12.023,0.6254,0.136,-0.287,1501,9.150,0.3,47.264,4.887,34.519,1.1283,0.117,0.824,2708,9.150,0.0,27.332,1.629,-0.582,0.6525,0.039,-0.014,1566
9.200,0.5,26.494,5.003,-10.278,0.6325,0.119,-0.245,1518,9.200,0.3,47.682,6.749,17.453,1.1383,0.161,0.417,2732,9.200,0.1,27.437,1.513,-4.460,0.6550,0.036,-0.106,1572
9.250,0.5,26.704,4.422,-4.848,0.6375,0.106,-0.116,1530,9.250,0.3,48.031,6.923,-4.266,1.1467,0.165,-0.102,2752,9.250,0.1,27.506,1.105,-6.593,0.6567,0.026,-0.157,1576
9.300,0.6,26.896,4.422,0.194,0.6421,0.106,0.005,1541,9.300,0.3,48.398,5.701,-16.096,1.1554,0.136,-0.384,2773,9.300,0.1,27.541,0.640,-3.491,0.6575,0.015,-0.083,1578
9.350,0.5,27.122,4.829,-2.715,0.6475,0.115,-0.065,1554,9.350,0.3,48.625,4.654,-14.738,1.1608,0.111,-0.352,2786,9.350,0.1,27.559,0.524,4.072,0.6579,0.012,0.097,1579
9.400,0.5,27.402,4.654,-14.157,0.6542,0.111,-0.338,1570,9.400,0.3,48.799,4.189,-10.084,1.1650,0.100,-0.241,2796,9.400,0.1,27.576,1.047,11.829,0.6583,0.025,0.282,1580
9.450,0.5,27.646,3.374,-24.822,0.6600,0.081,-0.593,1584,9.450,0.3,49.026,4.014,-10.666,1.1704,0.096,-0.255,2809,9.450,0.1,27.629,1.920,15.708,0.6596,0.046,0.375,1583
9.500,0.6,27.768,1.629,-24.822,0.6629,0.039,-0.593,1591,9.500,0.3,49.253,3.316,-12.799,1.1758,0.079,-0.306,2822,9.500,0.1,27.786,2.793,15.126,0.6633,0.067,0.361,1592
9.550,0.6,27.768,0.407,-11.248,0.6629,0.010,-0.269,1591,9.550,0.3,49.375,2.327,-7.951,1.1788,0.056,-0.190,2829,9.550,0.1,27.925,3.491,12.411,0.6667,0.083,0.296,1600
9.600,0.6,27.768,0.175,10.666,0.6629,0.004,0.255,1591,9.600,0.3,49.445,2.036,4.848,1.1804,0.049,0.116,2833,9.600,0.1,28.117,4.014,8.921,0.6712,0.096,0.213,1611
9.650,0.6,27.768,1.454,30.058,0.6629,0.035,0.718,1591,9.650,0.3,49.532,2.909,18.035,1.1825,0.069,0.431,2838,9.650,0.1,28.344,4.422,4.460,0.6767,0.106,0.106,1624
9.700,0.6,27.821,3.782,35.488,0.6642,0.090,0.847,1594,9.700,0.3,49.707,4.189,24.435,1.1867,0.100,0.583,2848,9.700,0.1,28.571,4.538,-1.745,0.6821,0.108,-0.042,1637
9.750,0.6,28.152,5.818,25.210,0.6721,0.139,0.602,1613,9.750,0.3,49.986,5.585,24.047,1.1933,0.133,0.574,2864,9.750,0.0,28.798,4.305,-9.308,0.6875,0.103,-0.222,1650
9.800,0.6,28.519,6.458,11.829,0.6808,0.154,0.282,1634,9.800,0.3,50.248,6.690,20.168,1.1996,0.160,0.481,2879,9.800,0.0,29.025,3.607,-15.708,0.6929,0.086,-0.375,1663
9.850,0.6,28.815,6.341,7.757,0.6879,0.151,0.185,1651,9.850,0.3,50.667,7.621,14.932,1.2096,0.182,0.356,2903,9.850,0.0,29.182,2.560,-17.453,0.6967,0.061,-0.417,1672
9.900,0.5,29.095,6.807,11.248,0.6946,0.163,0.269,1667,9.900,0.3,51.033,8.203,10.860,1.2183,0.196,0.259,2924,9.900,0.0,29.269,1.571,-12.799,0.6987,0.038,-0.306,1677
9.950,0.5,29.479,7.796,11.248,0.7038,0.186,0.269,1689,9.950,0.3,51.487,8.552,7.369,1.2292,0.204,0.176,2950,9.950,0.1,29.322,1.105,-3.685,0.7000,0.026,-0.088,1680
10.000,0.5,29.897,8.378,4.654,0.7137,0.200,0.111,1713,10.000,0.4,51.889,9.018,2.715,1.2388,0.215,0.065,2973,10.000,0.1,29.356,1.222,6.400,0.7008,0.029,0.153,1682
10.050,0.5,30.351,8.145,-2.715,0.7246,0.194,-0.065,1739,10.050,0.4,52.377,9.018,-4.654,1.2504,0.215,-0.111,3001,10.050,0.1,29.426,1.804,14.738,0.7025,0.043,0.352,1686
10.100,0.5,30.735,7.854,-8.145,0.7337,0.188,-0.194,1761,10.100,0.4,52.849,8.552,-10.084,1.2617,0.204,-0.241,3028,10.100,0.1,29.531,2.793,18.811,0.7050,0.067,0.449,1692
10.150,0.5,31.084,7.505,-14.157,0.7421,0.179,-0.338,1781,10.150,0.4,53.233,7.621,-6.787,1.2708,0.182,-0.162,3050,10.150,0.1,29.688,3.956,16.484,0.7088,0.094,0.394,1701
10.200,0.5,31.521,6.574,-19.586,0.7525,0.157,-0.468,1806,10.200,0.3,53.599,7.389,4.072,1.2796,0.176,0.097,3071,10.200,0.1,29.932,4.712,8.533,0.7146,0.112,0.204,1715
10.250,0.5,31.817,5.178,-17.259,0.7596,0.124,-0.412,1823,10.250,0.3,53.913,8.145,13.381,1.2871,0.194,0.319,3089,10.250,0.1,30.212,4.829,-0.388,0.7212,0.115,-0.009,1731
10.300,0.5,31.974,4.305,-5.624,0.7633,0.103,-0.134,1832,10.300,0.3,54.384,9.250,12.217,1.2983,0.221,0.292,3116,10.300,0.0,30.421,4.480,-5.430,0.7262,0.107,-0.130,1743
10.350,0.5,32.184,4.596,6.981,0.7683,0.110,0.167,1844,10.350,0.3,54.891,9.774,4.072,1.3104,0.233,0.097,3145,10.350,0.0,30.648,4.072,-5.818,0.7317,0.097,-0.139,1756
10.400,0.5,32.446,5.469,12.993,0.7746,0.131,0.310,1859,10.400,0.3,55.397,9.425,-1.939,1.3225,0.225,-0.046,3174,10.400,0.0,30.840,3.840,-3.297,0.7362,0.092,-0.079,1767
10.450,0.5,32.725,6.109,12.411,0.7812,0.146,0.296,1875,10.450,0.2,55.833,9.192,-1.939,1.3329,0.219,-0.046,3199,10.450,0.0,31.014,3.723,2.442E-13,0.7404,0.089,-1.082E-14,1777
10.500,0.5,33.074,6.690,8.339,0.7896,0.160,0.199,1895,10.500,0.2,56.269,9.250,-0.970,1.3433,0.221,-0.023,3224,10.500,0.0,31.206,3.840,2.327,0.7450,0.092,0.056,1788
10.550,0.6,33.388,7.098,0.388,0.7971,0.169,0.009,1913,10.550,0.2,56.776,9.367,-4.072,1.3554,0.224,-0.097,3253,10.550,0.1,31.398,4.072,3.297,0.7496,0.097,0.079,1799
10.600,0.6,33.790,6.981,-12.411,0.8067,0.167,-0.296,1936,10.600,0.2,57.229,8.959,-8.727,1.3663,0.214,-0.208,3279,10.600,0.1,31.608,4.189,2.715,0.7546,0.100,0.065,1811
10.650,0.6,34.139,5.934,-22.108,0.8150,0.142,-0.528,1956,10.650,0.2,57.683,8.261,-10.666,1.3771,0.197,-0.255,3305,10.650,0.1,31.835,4.363,0.970,0.7600,0.104,0.023,1824
10.700,0.6,34.418,4.131,-18.617,0.8217,0.099,-0.444,1972,10.700,0.2,58.050,7.738,-8.145,1.3858,0.185,-0.194,3326,10.700,0.1,32.027,4.363,-2.133,0.7646,0.104,-0.051,1835
10.750,0.6,34.540,3.316,-1.551,0.8246,0.079,-0.037,1979,10.750,0.3,58.434,7.389,-2.521,1.3950,0.176,-0.060,3348,10.750,0.1,32.289,4.189,-6.012,0.7708,0.100,-0.144,1850
10.800,0.6,34.627,4.014,14.157,0.8267,0.096,0.338,1984,10.800,0.3,58.800,7.389,4.848,1.4037,0.176,0.116,3369,10.800,0.0,32.463,3.723,-8.145,0.7750,0.089,-0.194,1860
10.850,0.6,34.924,5.585,15.514,0.8337,0.133,0.370,2001,10.850,0.3,59.149,7.854,10.084,1.4121,0.187,0.241,3389,10.850,0.0,32.655,3.200,-7.563,0.7796,0.076,-0.181,1871
10.900,0.6,35.238,6.109,6.206,0.8413,0.146,0.148,2019,10.900,0.3,59.551,8.727,8.145,1.4217,0.208,0.194,3412,10.900,0.0,32.777,2.909,-4.460,0.7825,0.069,-0.106,1878
10.950,0.6,35.605,5.876,-2.909,0.8500,0.140,-0.069,2040,10.950,0.2,60.039,9.076,-0.582,1.4333,0.217,-0.014,3440,10.950,0.0,32.934,2.734,-0.582,0.7862,0.065,-0.014,1887
11.000,0.6,35.779,5.585,-5.818,0.8542,0.133,-0.139,2050,11.000,0.2,60.528,8.610,-9.502,1.4450,0.206,-0.227,3468,11.000,0.0,33.057,2.851,2.909,0.7892,0.068,0.069,1894
11.050,0.7,36.146,5.236,-4.460,0.8629,0.125,-0.106,2071,11.050,0.2,60.895,7.796,-12.411,1.4538,0.186,-0.296,3489,11.050,0.0,33.196,3.083,4.848,0.7925,0.074,0.116,1902
11.100,0.7,36.373,5.003,-2.327,0.8683,0.119,-0.056,2084,11.100,0.2,61.279,7.156,-9.502,1.4629,0.171,-0.227,3511,11.100,0.0,33.371,3.432,3.879,0.7967,0.082,0.093,1912
11.150,0.7,36.582,5.120,-5.236,0.8733,0.122,-0.125,2096,11.150,0.2,61.628,6.807,-3.685,1.4713,0.163,-0.088,3531,11.150,0.0,33.545,3.607,0.194,0.8008,0.086,0.005,1922
11.200,0.7,36.844,5.003,-14.738,0.8796,0.119,-0.352,2111,11.200,0.2,61.942,6.749,2.521,1.4788,0.161,0.060,3549,11.200,0.0,33.737,3.491,-4.460,0.8054,0.083,-0.106,1933
11.250,0.7,37.210,3.665,-18.229,0.8883,0.087,-0.435,2132,11.250,0.2,62.273,7.098,7.951,1.4867,0.169,0.190,3568,11.250,0.0,33.912,3.083,-7.175,0.8096,0.074,-0.171,1943
11.300,0.8,37.245,2.036,1.357,0.8892,0.049,0.032,2134,11.300,0.2,62.657,7.621,12.217,1.4958,0.182,0.292,3590,11.300,0.0,34.051,2.618,-6.593,0.8129,0.062,-0.157,1951
11.350,0.8,37.280,2.618,36.458,0.8900,0.062,0.870,2136,11.350,0.2,63.041,8.319,14.157,1.5050,0.199,0.338,3612,11.350,0.0,34.156,2.327,-3.297,0.8154,0.056,-0.079,1957
11.400,0.8,37.385,6.458,53.523,0.8925,0.154,1.278,2142,11.400,0.2,63.460,9.192,11.442,1.5150,0.219,0.273,3636,11.400,0.0,34.278,2.269,0.970,0.8183,0.054,0.023,1964
11.450,0.8,37.856,10.181,28.313,0.9038,0.243,0.676,2169,11.450,0.2,63.966,9.774,3.103,1.5271,0.233,0.074,3665,11.450,0.0,34.383,2.443,4.848,0.8208,0.058,0.116,1970
11.500,0.9,38.607,10.530,-21.332,0.9217,0.251,-0.509,2212,11.500,0.2,64.490,9.599,-7.175,1.5396,0.229,-0.171,3695,11.500,0.0,34.505,2.793,7.369,0.8237,0.067,0.176,1977
11.550,1.0,39.113,7.039,-49.839,0.9337,0.168,-1.190,2241,11.550,0.3,64.944,8.843,-13.963,1.5504,0.211,-0.333,3721,11.550,0.0,34.662,3.258,7.563,0.8275,0.078,0.181,1986
11.600,1.0,39.287,3.200,-36.070,0.9379,0.076,-0.861,2251,11.600,0.2,65.363,7.970,-16.872,1.5604,0.190,-0.403,3745,11.600,0.0,34.837,3.665,4.654,0.8317,0.087,0.111,1996
11.650,1.0,39.287,2.560,-0.194,0.9379,0.061,-0.005,2251,11.650,0.2,65.747,7.214,-19.393,1.5696,0.172,-0.463,3767,11.650,0.0,35.029,3.840,-0.388,0.8362,0.092,-0.009,2007
11.700,1.1,39.392,4.189,23.659,0.9404,0.100,0.565,2257,11.700,0.2,66.078,6.167,-22.883,1.5775,0.147,-0.546,3786,11.700,0.0,35.238,3.607,-5.236,0.8413,0.086,-0.125,2019
11.750,1.1,39.776,5.992,23.659,0.9496,0.143,0.565,2279,11.750,0.2,66.392,4.829,-24.435,1.5850,0.115,-0.583,3804,11.750,0.1,35.413,3.200,-8.145,0.8454,0.076,-0.194,2029
11.800,1.2,40.055,6.865,10.278,0.9562,0.164,0.245,2295,11.800,0.2,66.567,3.491,-20.168,1.5892,0.083,-0.481,3814,11.800,0.1,35.535,2.734,-9.502,0.8483,0.065,-0.227,2036
11.850,1.2,40.422,6.981,-6.787,0.9650,0.167,-0.162,2316,11.850,0.2,66.706,2.560,-10.278,1.5925,0.061,-0.245,3822,11.850,0.1,35.692,2.269,-10.084,0.8521,0.054,-0.241,2045
11.900,1.3,40.806,6.283,-19.586,0.9742,0.150,-0.468,2338,11.900,0.2,66.811,2.385,1.939,1.5950,0.057,0.046,3828,11.900,0.1,35.779,1.687,-8.533,0.8542,0.040,-0.204,2050
11.950,1.4,41.120,4.538,-18.229,0.9817,0.108,-0.435,2356,11.950,0.2,66.916,2.851,12.023,1.5975,0.068,0.287,3834,11.950,0.1,35.849,1.222,-3.879,0.8558,0.029,-0.093,2054
12.000,1.5,41.242,3.432,2.133,0.9846,0.082,0.051,2363,12.000,0.2,67.073,3.782,17.453,1.6012,0.090,0.417,3843,12.000,0.1,35.884,1.222,1.745,0.8567,0.029,0.042,2056
12.050,1.6,41.347,4.363,30.252,0.9871,0.104,0.722,2369,12.050,0.2,67.300,4.771,18.229,1.6067,0.114,0.435,3856,12.050,0.1,35.954,1.571,4.848,0.8583,0.038,0.116,2060
12.100,1.6,41.609,7.098,44.797,0.9933,0.169,1.069,2384,12.100,0.2,67.562,5.701,14.544,1.6129,0.136,0.347,3871,12.100,0.1,36.041,1.862,4.848,0.8604,0.044,0.116,2065
12.150,1.9,42.062,9.948,34.713,1.0042,0.238,0.829,2410,12.150,0.2,67.858,6.400,6.593,1.6200,0.153,0.157,3888,12.150,0.1,36.163,2.036,3.491,0.8633,0.049,0.083,2072
12.200,2.4,42.656,11.286,7.563,1.0183,0.269,0.181,2444,12.200,0.2,68.225,6.516,-3.879,1.6288,0.156,-0.093,3909,12.200,0.1,36.233,2.211,1.745,0.8650,0.053,0.042,2076
12.250,3.4,43.284,10.588,-18.229,1.0333,0.253,-0.435,2480,12.250,0.2,68.557,5.934,-12.411,1.6367,0.142,-0.296,3928,12.250,0.1,36.373,2.269,-0.970,0.8683,0.054,-0.023,2084
12.300,4.0,43.773,8.727,-29.089,1.0450,0.208,-0.694,2508,12.300,0.2,68.818,5.003,-16.096,1.6429,0.119,-0.384,3943,12.300,0.1,36.495,2.153,-3.879,0.8712,0.051,-0.093,2091
12.350,4.0,44.122,7.039,-25.986,1.0533,0.168,-0.620,2528,12.350,0.2,69.045,4.189,-16.872,1.6483,0.100,-0.403,3956,12.350,0.1,36.582,1.804,-5.236,0.8733,0.043,-0.125,2096
12.400,4.0,44.436,6.109,-19.393,1.0608,0.146,-0.463,2546,12.400,0.2,69.237,3.432,-18.035,1.6529,0.082,-0.431,3967,12.400,0.1,36.669,1.513,-3.879,0.8754,0.036,-0.093,2101
12.450,4.0,44.733,5.411,-15.320,1.0679,0.129,-0.366,2563,12.450,0.2,69.394,2.443,-19.393,1.6567,0.058,-0.463,3976,12.450,0.1,36.739,1.338,0.194,0.8771,0.032,0.005,2105
12.500,4.0,44.995,4.538,-10.084,1.0742,0.108,-0.241,2578,12.500,0.2,69.499,1.338,-18.035,1.6592,0.032,-0.431,3982,12.500,0.1,36.792,1.454,5.042,0.8783,0.035,0.120,2108
12.550,4.0,45.187,4.014,-0.388,1.0787,0.096,-0.009,2589,12.550,0.2,69.516,0.465,-12.993,1.6596,0.011,-0.310,3983,12.550,0.1,36.861,1.920,8.145,0.8800,0.046,0.194,2112
12.600,4.0,45.344,4.480,6.787,1.0825,0.107,0.162,2598,12.600,0.2,69.516,0.000,-6.981,1.6596,0.000,-0.167,3983,12.600,0.1,36.984,2.443,8.339,0.8829,0.058,0.199,2119
12.650,4.0,45.588,5.352,1.164,1.0883,0.128,0.028,2612,12.650,0.2,69.516,-0.116,-2.715,1.6596,-0.003,-0.065,3983,12.650,0.1,37.123,2.793,7.175,0.8862,0.067,0.171,2127
12.700,3.8,45.937,5.236,-15.514,1.0967,0.125,-0.370,2632,12.700,0.2,69.499,-0.175,-0.582,1.6592,-0.004,-0.014,3982,12.700,0.1,37.263,3.083,6.400,0.8896,0.074,0.153,2135
12.750,3.0,46.199,3.607,-28.895,1.1029,0.086,-0.690,2647,12.750,0.2,69.499,-0.175,0.388,1.6592,-0.004,0.009,3982,12.750,0.1,37.420,3.432,5.430,0.8933,0.082,0.130,2144
12.800,2.7,46.304,1.571,-28.313,1.1054,0.037,-0.676,2653,12.800,0.2,69.482,-0.116,0.970,1.6588,-0.003,0.023,3981,12.800,0.1,37.612,3.723,3.879,0.8979,0.089,0.093,2155
12.850,2.6,46.304,0.349,-17.259,1.1054,0.008,-0.412,2653,12.850,0.2,69.482,-0.058,0.970,1.6588,-0.001,0.023,3981,12.850,0.1,37.804,3.782,2.521,0.9025,0.090,0.060,2166
12.900,2.6,46.304,0.000,-6.400,1.1054,0.000,-0.153,2653,12.900,0.2,69.482,0.000,0.582,1.6588,0.000,0.014,3981,12.900,0.1,37.996,3.898,2.133,0.9071,0.093,0.051,2177
12.950,2.6,46.304,0.000,-0.970,1.1054,0.000,-0.023,2653,12.950,0.2,69.482,0.000,0.194,1.6588,0.000,0.005,3981,12.950,0.1,38.170,4.014,1.745,0.9112,0.096,0.042,2187
13.000,2.6,46.304,0.000,0.582,1.1054,0.000,0.014,2653,13.000,0.2,69.482,0.000,0.000,1.6588,0.000,0.000,3981,13.000,0.1,38.415,4.131,-0.970,0.9171,0.099,-0.023,2201
13.050,2.6,46.304,0.058,0.776,1.1054,0.001,0.019,2653,13.050,0.2,69.482,0.000,0.000,1.6588,0.000,0.000,3981,13.050,0.1,38.589,4.072,-6.593,0.9212,0.097,-0.157,2211
13.100,2.6,46.304,0.116,0.388,1.1054,0.003,0.009,2653,13.100,0.2,69.482,0.000,0.000,1.6588,0.000,0.000,3981,13.100,0.1,38.816,3.549,-13.769,0.9267,0.085,-0.329,2224
13.150,2.6,46.321,0.116,-4.738E-13,1.1058,0.003,0.000,2654,13.150,0.2,69.482,0.000,0.000,1.6588,0.000,0.000,3981,13.150,0.1,38.991,2.618,-17.841,0.9308,0.063,-0.426,2234
13.200,2.6,46.321,0.058,3.879,1.1058,0.001,0.093,2654,13.200,0.2,69.482,0.000,0.000,1.6588,0.000,0.000,3981,13.200,0.1,39.078,1.454,-15.126,0.9329,0.035,-0.361,2239
13.250,2.6,46.321,0.116,17.259,1.1058,0.003,0.412,2654,13.250,0.2,69.482,0.000,0.000,1.6588,0.000,0.000,3981,13.250,0.1,39.113,0.814,-6.981,0.9337,0.019,-0.167,2241
13.300,2.6,46.321,1.280,38.009,1.1058,0.031,0.907,2654,13.300,0.2,69.482,0.000,0.000,1.6588,0.000,0.000,3981,13.300,0.1,39.130,0.814,1.745,0.9342,0.019,0.042,2242
13.350,2.6,46.356,4.072,52.748,1.1067,0.097,1.259,2656,13.350,0.2,69.482,0.000,0.000,1.6588,0.000,0.000,3981,13.350,0.1,39.183,1.164,7.175,0.9354,0.028,0.171,2245
13.400,2.4,46.670,7.505,47.318,1.1142,0.179,1.130,2674,13.400,0.2,69.482,0.000,0.000,1.6588,0.000,0.000,3981,13.400,0.1,39.252,1.629,10.666,0.9371,0.039,0.255,2249
13.450,2.0,47.194,9.716,23.659,1.1267,0.232,0.565,2704,13.450,0.2,69.482,0.000,0.000,1.6588,0.000,0.000,3981,13.450,0.1,39.340,2.153,14.157,0.9392,0.051,0.338,2254
13.500,1.6,47.735,9.832,-1.745,1.1396,0.235,-0.042,2735,13.500,0.2,69.482,0.000,0.000,1.6588,0.000,0.000,3981,13.500,0.1,39.462,3.025,16.678,0.9421,0.072,0.398,2261
13.550,1.4,48.206,8.843,-13.381,1.1508,0.211,-0.319,2762,13.550,0.2,69.482,0.000,0.000,1.6588,0.000,0.000,3981,13.550,0.1,39.619,4.014,15.708,0.9458,0.096,0.375,2270
13.600,1.2,48.607,7.854,-9.696,1.1604,0.188,-0.231,2785,13.600,0.2,69.482,0.000,0.000,1.6588,0.000,0.000,3981,13.600,0.1,39.881,4.771,10.084,0.9521,0.114,0.241,2285
13.650,1.1,48.974,7.679,2.132E-13,1.1692,0.183,-1.554E-14,2806,13.650,0.2,69.482,0.000,0.000,1.6588,0.000,0.000,3981,13.650,0.1,40.125,5.120,1.939,0.9579,0.122,0.046,2299
13.700,1.0,49.323,8.087,6.981,1.1775,0.193,0.167,2826,13.700,0.2,69.482,0.000,0.000,1.6588,0.000,0.000,3981,13.700,0.1,40.387,4.945,-5.818,0.9642,0.118,-0.139,2314
13.750,1.1,49.794,8.610,7.951,1.1888,0.206,0.190,2853,13.750,0.2,69.482,0.000,0.000,1.6588,0.000,0.000,3981,13.750,0.1,40.649,4.422,-10.666,0.9704,0.106,-0.255,2329
13.800,1.0,50.213,9.018,5.818,1.1988,0.215,0.139,2877,13.800,0.2,69.482,0.000,0.000,1.6588,0.000,0.000,3981,13.800,0.1,40.841,3.723,-11.636,0.9750,0.089,-0.278,2340
13.850,0.8,50.667,9.134,4.848,1.2096,0.218,0.116,2903,13.850,0.2,69.482,0.000,0.000,1.6588,0.000,0.000,3981,13.850,0.1,40.998,3.142,-10.666,0.9787,0.075,-0.255,2349
13.900,0.7,51.156,9.308,7.757,1.2213,0.222,0.185,2931,13.900,0.2,69.482,0.000,0.000,1.6588,0.000,0.000,3981,13.900,0.1,41.155,2.734,-10.666,0.9825,0.065,-0.255,2358
13.950,0.6,51.592,9.774,13.187,1.2317,0.233,0.315,2956,13.950,0.2,69.482,0.000,,1.6588,0.000,,3981,13.950,0.1,41.277,2.211,-12.217,0.9854,0.053,-0.292,2365
14.000,0.6,52.081,10.705,15.902,1.2433,0.256,0.380,2984,14.000,0.2,69.482,0.000,,1.6588,0.000,,3981,14.000,0.1,41.382,1.454,-12.217,0.9879,0.035,-0.292,2371
14.050,0.5,52.674,11.694,12.605,1.2575,0.279,0.301,3018,14.050,0.2,69.482,,,1.6588,,,3981,14.050,0.1,41.434,0.756,-7.951,0.9892,0.018,-0.190,2374
14.100,0.5,53.285,12.159,4.654,1.2721,0.290,0.111,3053,,,,,,,,,,14.100,0.1,41.434,0.524,-0.970,0.9892,0.012,-0.023,2374
14.150,0.5,53.896,12.101,-4.654,1.2867,0.289,-0.111,3088,,,,,,,,,,14.150,0.1,41.452,0.756,4.654,0.9896,0.018,0.111,2375
14.200,0.4,54.507,11.694,-13.769,1.3013,0.279,-0.329,3123,,,,,,,,,,14.200,0.1,41.521,1.164,7.951,0.9913,0.028,0.190,2379
14.250,0.4,55.083,10.763,-22.495,1.3150,0.257,-0.537,3156,,,,,,,,,,14.250,0.1,41.574,1.513,11.636,0.9925,0.036,0.278,2382
14.300,0.4,55.606,9.367,-28.701,1.3275,0.224,-0.685,3186,,,,,,,,,,14.300,0.1,41.661,2.153,16.096,0.9946,0.051,0.384,2387
14.350,0.4,56.025,7.679,-30.058,1.3375,0.183,-0.718,3210,,,,,,,,,,14.350,0.1,41.766,3.258,18.035,0.9971,0.078,0.431,2393
14.400,0.4,56.374,6.167,-26.762,1.3458,0.147,-0.639,3230,,,,,,,,,,14.400,0.1,41.975,4.247,13.187,1.0021,0.101,0.315,2405
14.450,0.4,56.618,4.945,-20.944,1.3517,0.118,-0.500,3244,,,,,,,,,,14.450,0.1,42.237,4.829,3.297,1.0083,0.115,0.079,2420
14.500,0.3,56.863,4.072,-15.514,1.3575,0.097,-0.370,3258,,,,,,,,,,14.500,0.1,42.464,4.538,-3.879,1.0138,0.108,-0.093,2433
14.550,0.3,57.020,3.491,-11.829,1.3612,0.083,-0.282,3267,,,,,,,,,,14.550,0.2,42.726,3.956,-2.327,1.0200,0.094,-0.056,2448
14.600,0.3,57.194,2.967,-10.278,1.3654,0.071,-0.245,3277,,,,,,,,,,14.600,0.2,42.848,3.956,6.012,1.0229,0.094,0.144,2455
14.650,0.3,57.334,2.502,-9.502,1.3688,0.060,-0.227,3285,,,,,,,,,,14.650,0.2,43.040,4.712,10.084,1.0275,0.113,0.241,2466
14.700,0.3,57.439,1.978,-8.145,1.3712,0.047,-0.194,3291,,,,,,,,,,14.700,0.2,43.337,5.585,2.521,1.0346,0.133,0.060,2483
14.750,0.3,57.526,1.629,-6.206,1.3733,0.039,-0.148,3296,,,,,,,,,,14.750,0.2,43.651,5.352,-12.411,1.0421,0.128,-0.296,2501
14.800,0.3,57.596,1.396,-4.266,1.3750,0.033,-0.102,3300,,,,,,,,,,14.800,0.2,43.912,4.072,-22.689,1.0483,0.097,-0.542,2516
14.850,0.3,57.666,1.222,-3.297,1.3767,0.029,-0.079,3304,,,,,,,,,,14.850,0.3,44.070,2.502,-18.617,1.0521,0.060,-0.444,2525
14.900,0.3,57.718,1.105,-3.491,1.3779,0.026,-0.083,3307,,,,,,,,,,14.900,0.3,44.139,1.629,-1.164,1.0538,0.039,-0.028,2529
14.950,0.3,57.770,0.931,-4.654,1.3792,0.022,-0.111,3310,,,,,,,,,,14.950,0.3,44.174,2.211,19.780,1.0546,0.053,0.472,2531
15.000,0.3,57.823,0.640,-4.848,1.3804,0.015,-0.116,3313,,,,,,,,,,15.000,0.3,44.296,4.014,31.998,1.0575,0.096,0.764,2538
15.050,0.3,57.840,0.291,-0.582,1.3808,0.007,-0.014,3314,,,,,,,,,,15.050,0.3,44.576,6.050,29.089,1.0642,0.144,0.694,2554
15.100,0.3,57.840,0.291,9.696,1.3808,0.007,0.231,3314,,,,,,,,,,15.100,0.4,44.942,7.389,14.932,1.0729,0.176,0.356,2575
15.150,0.3,57.840,1.105,21.914,1.3808,0.026,0.523,3314,,,,,,,,,,15.150,1.4,45.344,7.563,-0.970,1.0825,0.181,-0.023,2598
15.200,0.3,57.910,2.734,27.537,1.3825,0.065,0.657,3318,,,,,,,,,,15.200,4.0,45.745,6.981,-11.248,1.0921,0.167,-0.269,2621
15.250,0.3,58.102,4.422,21.526,1.3871,0.106,0.514,3329,,,,,,,,,,15.250,4.0,46.042,6.167,-14.738,1.0992,0.147,-0.352,2638
15.300,0.3,58.399,5.236,7.563,1.3942,0.125,0.181,3346,,,,,,,,,,15.300,4.0,46.338,5.411,-15.320,1.1063,0.129,-0.366,2655
15.350,0.3,58.678,5.061,-5.818,1.4008,0.121,-0.139,3362,,,,,,,,,,15.350,4.0,46.600,4.712,-15.708,1.1125,0.112,-0.375,2670
15.400,0.3,58.905,4.363,-12.993,1.4063,0.104,-0.310,3375,,,,,,,,,,15.400,4.0,46.810,3.840,-15.514,1.1175,0.092,-0.370,2682
15.450,0.3,59.114,3.549,-13.187,1.4112,0.085,-0.315,3387,,,,,,,,,,15.450,2.2,46.984,3.025,-12.799,1.1217,0.072,-0.306,2692
15.500,0.3,59.271,2.851,-7.757,1.4150,0.068,-0.185,3396,,,,,,,,,,15.500,1.0,47.106,2.443,-6.206,1.1246,0.058,-0.148,2699
15.550,0.3,59.376,2.618,0.582,1.4175,0.063,0.014,3402,,,,,,,,,,15.550,0.8,47.211,2.269,4.072,1.1271,0.054,0.097,2705
15.600,0.3,59.498,2.967,7.369,1.4204,0.071,0.176,3409,,,,,,,,,,15.600,0.7,47.316,2.734,15.320,1.1296,0.065,0.366,2711
15.650,0.3,59.673,3.607,8.339,1.4246,0.086,0.199,3419,,,,,,,,,,15.650,0.6,47.455,3.956,21.720,1.1329,0.094,0.519,2719
15.700,0.3,59.865,4.072,3.491,1.4292,0.097,0.083,3430,,,,,,,,,,15.700,0.5,47.682,5.352,18.811,1.1383,0.128,0.449,2732
15.750,0.3,60.092,4.014,-2.715,1.4346,0.096,-0.065,3443,,,,,,,,,,15.750,0.4,48.031,6.167,6.593,1.1467,0.147,0.157,2752
15.800,0.3,60.301,3.607,-4.848,1.4396,0.086,-0.116,3455,,,,,,,,,,15.800,0.3,48.346,6.167,-10.278,1.1542,0.147,-0.245,2770
15.850,0.3,60.441,3.258,-3.297,1.4429,0.078,-0.079,3463,,,,,,,,,,15.850,0.3,48.642,5.120,-25.404,1.1612,0.122,-0.606,2787
15.900,0.3,60.598,3.374,-3.879,1.4467,0.081,-0.093,3472,,,,,,,,,,15.900,0.2,48.922,3.316,-32.192,1.1679,0.079,-0.769,2803
15.950,0.3,60.772,3.258,-9.114,1.4508,0.078,-0.218,3482,,,,,,,,,,15.950,0.2,48.991,1.396,-27.150,1.1696,0.033,-0.648,2807
16.000,0.3,60.982,2.443,-13.963,1.4558,0.058,-0.333,3494,,,,,,,,,,16.000,0.2,48.991,0.233,-14.544,1.1696,0.006,-0.347,2807
16.050,0.3,61.034,1.454,-10.860,1.4571,0.035,-0.259,3497,,,,,,,,,,16.050,0.2,48.991,0.058,-1.164,1.1696,0.001,-0.028,2807
16.100,0.3,61.069,0.989,1.939,1.4579,0.024,0.046,3499,,,,,,,,,,16.100,0.2,48.991,0.291,10.278,1.1696,0.007,0.245,2807
16.150,0.3,61.121,1.454,18.229,1.4592,0.035,0.435,3502,,,,,,,,,,16.150,0.2,49.009,0.989,20.168,1.1700,0.024,0.481,2808
16.200,0.3,61.191,3.025,29.283,1.4608,0.072,0.699,3506,,,,,,,,,,16.200,0.2,49.061,2.385,26.956,1.1713,0.057,0.644,2811
16.250,0.3,61.348,4.887,28.313,1.4646,0.117,0.676,3515,,,,,,,,,,16.250,0.2,49.218,4.014,27.150,1.1750,0.096,0.648,2820
16.300,0.3,61.750,6.341,13.769,1.4742,0.151,0.329,3538,,,,,,,,,,16.300,0.2,49.498,5.352,20.944,1.1817,0.128,0.500,2836
16.350,0.3,62.029,6.632,-8.145,1.4808,0.158,-0.194,3554,,,,,,,,,,16.350,0.2,49.777,6.167,12.217,1.1883,0.147,0.292,2852
16.400,0.3,62.413,5.411,-27.925,1.4900,0.129,-0.667,3576,,,,,,,,,,16.400,0.2,50.108,6.516,3.879,1.1962,0.156,0.093,2871
16.450,0.3,62.675,3.374,-35.294,1.4962,0.081,-0.843,3591,,,,,,,,,,16.450,0.2,50.457,6.516,-2.715,1.2046,0.156,-0.065,2891
16.500,0.3,62.727,1.222,-28.119,1.4975,0.029,-0.671,3594,,,,,,,,,,16.500,0.2,50.772,6.167,-7.563,1.2121,0.147,-0.181,2909
16.550,0.3,62.727,0.233,-14.544,1.4975,0.006,-0.347,3594,,,,,,,,,,16.550,0.2,51.068,5.701,-9.890,1.2192,0.136,-0.236,2926
16.600,0.3,62.727,0.116,-4.266,1.4975,0.003,-0.102,3594,,,,,,,,,,16.600,0.2,51.348,5.061,-8.533,1.2258,0.121,-0.204,2942
16.650,0.3,62.745,0.116,-0.970,1.4979,0.003,-0.023,3595,,,,,,,,,,16.650,0.1,51.592,4.654,-2.909,1.2317,0.111,-0.069,2956
16.700,0.3,62.745,0.058,-0.776,1.4979,0.001,-0.019,3595,,,,,,,,,,16.700,0.1,51.766,4.654,5.236,1.2358,0.111,0.125,2966
16.750,0.3,62.745,0.000,-0.776,1.4979,0.000,-0.019,3595,,,,,,,,,,16.750,0.1,52.046,5.236,11.054,1.2425,0.125,0.264,2982
16.800,0.3,62.745,0.000,-0.776,1.4979,0.000,-0.019,3595,,,,,,,,,,16.800,0.1,52.290,6.050,10.278,1.2483,0.144,0.245,2996
16.850,0.3,62.745,-0.058,-0.776,1.4979,-0.001,-0.019,3595,,,,,,,,,,16.850,0.1,52.639,6.574,1.357,1.2567,0.157,0.032,3016
16.900,0.3,62.745,-0.116,-0.582,1.4979,-0.003,-0.014,3595,,,,,,,,,,16.900,0.1,52.988,6.400,-11.829,1.2650,0.153,-0.282,3036
16.950,0.3,62.727,-0.116,-0.194,1.4975,-0.003,-0.005,3594,,,,,,,,,,16.950,0.1,53.320,5.294,-22.495,1.2729,0.126,-0.537,3055
17.000,0.3,62.727,-0.116,-4.670E-13,1.4975,-0.003,7.563E-15,3594,,,,,,,,,,17.000,0.1,53.529,3.782,-25.404,1.2779,0.090,-0.606,3067
17.050,0.3,62.727,-0.116,0.194,1.4975,-0.003,0.005,3594,,,,,,,,,,17.050,0.1,53.686,2.443,-20.556,1.2817,0.058,-0.491,3076
17.100,0.3,62.710,-0.116,0.388,1.4971,-0.003,0.009,3593,,,,,,,,,,17.100,0.1,53.756,1.629,-9.502,1.2833,0.039,-0.227,3080
17.150,0.3,62.710,-0.058,2.298E-13,1.4971,-0.001,-7.563E-15,3593,,,,,,,,,,17.150,0.1,53.826,1.280,5.430,1.2850,0.031,0.130,3084
17.200,0.3,62.710,-0.058,-0.776,1.4971,-0.001,-0.019,3593,,,,,,,,,,17.200,0.1,53.878,2.094,18.229,1.2862,0.050,0.435,3087
17.250,0.3,62.710,-0.175,-1.164,1.4971,-0.004,-0.028,3593,,,,,,,,,,17.250,0.1,53.948,3.607,21.332,1.2879,0.086,0.509,3091
17.300,0.3,62.692,-0.233,-1.164,1.4967,-0.006,-0.028,3592,,,,,,,,,,17.300,0.1,54.262,4.771,14.350,1.2954,0.114,0.343,3109
17.350,0.3,62.675,-0.233,-3.103,1.4962,-0.006,-0.074,3591,,,,,,,,,,17.350,0.1,54.524,5.003,9.114,1.3017,0.119,0.218,3124
17.400,0.3,62.675,-0.349,-11.248,1.4962,-0.008,-0.269,3591,,,,,,,,,,17.400,0.1,54.734,5.003,12.023,1.3067,0.119,0.287,3136
17.450,0.3,62.657,-0.989,-30.446,1.4958,-0.024,-0.727,3590,,,,,,,,,,17.450,0.1,54.978,6.109,14.738,1.3125,0.146,0.352,3150
17.500,0.3,62.605,-2.851,-56.820,1.4946,-0.068,-1.356,3587,,,,,,,,,,17.500,0.1,55.309,7.272,7.175,1.3204,0.174,0.171,3169
17.550,0.3,62.448,-6.865,-69.231,1.4908,-0.164,-1.653,3578,,,,,,,,,,17.550,0.1,55.781,7.156,-7.175,1.3317,0.171,-0.171,3196
17.600,0.3,62.029,-11.519,-44.797,1.4808,-0.275,-1.069,3554,,,,,,,,,,17.600,0.1,56.112,6.109,-14.738,1.3396,0.146,-0.352,3215
17.650,0.3,61.174,-13.090,9.890,1.4604,-0.313,0.236,3505,,,,,,,,,,17.650,0.1,56.322,5.120,-12.217,1.3446,0.122,-0.292,3227
17.700,0.3,60.423,-10.065,54.299,1.4425,-0.240,1.296,3462,,,,,,,,,,17.700,0.1,56.601,4.887,-8.727,1.3512,0.117,-0.208,3243
17.750,0.3,60.127,-5.352,56.820,1.4354,-0.128,1.356,3445,,,,,,,,,,17.750,0.1,56.828,4.712,-11.442,1.3567,0.113,-0.273,3256
17.800,0.3,60.057,-2.967,28.701,1.4337,-0.071,0.685,3441,,,,,,,,,,17.800,0.1,57.072,3.898,-18.617,1.3625,0.093,-0.444,3270
17.850,0.3,59.935,-3.142,3.103,1.4308,-0.075,0.074,3434,,,,,,,,,,17.850,0.1,57.264,2.676,-22.495,1.3671,0.064,-0.537,3281
17.900,0.3,59.725,-3.665,-4.848,1.4258,-0.088,-0.116,3422,,,,,,,,,,17.900,0.1,57.334,1.338,-19.005,1.3688,0.032,-0.454,3285
17.950,0.3,59.516,-3.723,-4.072,1.4208,-0.089,-0.097,3410,,,,,,,,,,17.950,0.0,57.369,0.524,-9.308,1.3696,0.012,-0.222,3287
18.000,0.3,59.376,-3.840,-1.745,1.4175,-0.092,-0.042,3402,,,,,,,,,,18.000,0.0,57.369,0.349,3.685,1.3696,0.008,0.088,3287
18.050,0.3,59.167,-4.189,5.236,1.4125,-0.100,0.125,3390,,,,,,,,,,18.050,0.0,57.386,0.873,14.738,1.3700,0.021,0.352,3288
18.100,0.3,58.922,-3.723,13.769,1.4067,-0.089,0.329,3376,,,,,,,,,,18.100,0.0,57.421,2.094,19.586,1.3708,0.050,0.468,3290
18.150,0.3,58.713,-2.269,5.430,1.4017,-0.054,0.130,3364,,,,,,,,,,18.150,0.0,57.578,3.200,17.453,1.3746,0.076,0.417,3299
18.200,0.3,58.713,-1.629,-33.355,1.4017,-0.039,-0.796,3364,,,,,,,,,,18.200,0.0,57.805,3.898,12.799,1.3800,0.093,0.306,3312
18.250,0.3,58.695,-4.654,-81.255,1.4012,-0.111,-1.940,3363,,,,,,,,,,18.250,0.0,57.962,4.305,10.666,1.3837,0.103,0.255,3321
18.300,0.3,58.451,-11.345,-91.727,1.3954,-0.271,-2.190,3349,,,,,,,,,,18.300,0.0,58.207,4.829,10.666,1.3896,0.115,0.255,3335
18.350,0.3,57.578,-16.930,-41.888,1.3746,-0.404,-1.000,3299,,,,,,,,,,18.350,0.0,58.469,5.469,10.084,1.3958,0.131,0.241,3350
18.400,0.3,56.426,-16.872,36.070,1.3471,-0.403,0.861,3233,,,,,,,,,,18.400,0.0,58.748,5.934,6.593,1.4025,0.142,0.157,3366
18.450,0.4,55.641,-11.694,86.685,1.3283,-0.279,2.069,3188,,,,,,,,,,18.450,0.0,59.062,6.225,-3.197E-13,1.4100,0.149,-7.494E-15,3384
18.500,0.4,55.327,-5.760,88.042,1.3208,-0.138,2.102,3170,,,,,,,,,,18.500,0.0,59.394,6.050,-8.339,1.4179,0.144,-0.199,3403
18.550,0.4,55.170,-2.036,64.771,1.3171,-0.049,1.546,3161,,,,,,,,,,18.550,0.0,59.690,5.352,-15.708,1.4250,0.128,-0.375,3420
18.600,0.4,55.170,-0.116,52.942,1.3171,-0.003,1.264,3161,,,,,,,,,,18.600,0.1,59.935,4.305,-19.005,1.4308,0.103,-0.454,3434
18.650,0.4,55.187,2.094,64.771,1.3175,0.050,1.546,3162,,,,,,,,,,18.650,0.1,60.127,3.258,-17.453,1.4354,0.078,-0.417,3445
18.700,0.4,55.275,5.992,83.194,1.3196,0.143,1.986,3167,,,,,,,,,,18.700,0.1,60.249,2.443,-12.605,1.4383,0.058,-0.301,3452
18.750,0.4,55.693,11.286,83.776,1.3296,0.269,2.000,3191,,,,,,,,,,18.750,0.1,60.353,1.978,-6.981,1.4408,0.047,-0.167,3458
18.800,0.4,56.461,15.650,59.341,1.3479,0.374,1.417,3235,,,,,,,,,,18.800,0.1,60.441,1.804,-2.521,1.4429,0.043,-0.060,3463
18.850,0.3,57.386,17.570,22.883,1.3700,0.419,0.546,3288,,,,,,,,,,18.850,0.1,60.528,1.804,-0.388,1.4450,0.043,-0.009,3468
18.900,0.3,58.277,17.511,-9.696,1.3912,0.418,-0.231,3339,,,,,,,,,,18.900,0.1,60.615,1.862,-1.164,1.4471,0.044,-0.028,3473
18.950,0.3,59.149,16.290,-35.876,1.4121,0.389,-0.856,3389,,,,,,,,,,18.950,0.1,60.720,1.804,-4.266,1.4496,0.043,-0.102,3479
19.000,0.3,59.952,14.021,-58.178,1.4313,0.335,-1.389,3435,,,,,,,,,,19.000,0.1,60.807,1.454,-7.369,1.4517,0.035,-0.176,3484
19.050,0.3,60.598,10.297,-69.037,1.4467,0.246,-1.648,3472,,,,,,,,,,19.050,0.1,60.877,0.931,-7.951,1.4533,0.022,-0.190,3488
19.100,0.3,61.034,6.050,-53.911,1.4571,0.144,-1.287,3497,,,,,,,,,,19.100,0.1,60.895,0.524,-5.430,1.4538,0.012,-0.130,3489
19.150,0.3,61.156,3.549,-12.993,1.4600,0.085,-0.310,3504,,,,,,,,,,19.150,0.1,60.912,0.349,-0.970,1.4542,0.008,-0.023,3490
19.200,0.3,61.209,4.596,28.119,1.4613,0.110,0.671,3507,,,,,,,,,,19.200,0.1,60.929,0.407,5.042,1.4546,0.010,0.120,3491
19.250,0.3,61.488,7.854,39.367,1.4679,0.188,0.940,3523,,,,,,,,,,19.250,0.1,60.947,0.756,11.636,1.4550,0.018,0.278,3492
19.300,0.3,62.081,10.181,15.902,1.4821,0.243,0.380,3557,,,,,,,,,,19.300,0.1,60.982,1.629,14.350,1.4558,0.039,0.343,3494
19.350,0.3,62.640,9.774,-17.841,1.4954,0.233,-0.426,3589,,,,,,,,,,19.350,0.0,61.087,2.618,8.339,1.4583,0.062,0.199,3500
19.400,0.3,63.111,7.447,-34.907,1.5067,0.178,-0.833,3616,,,,,,,,,,19.400,0.0,61.279,2.851,-4.072,1.4629,0.068,-0.097,3511
19.450,0.3,63.390,5.236,-30.058,1.5133,0.125,-0.718,3632,,,,,,,,,,19.450,0.0,61.436,2.036,-13.187,1.4667,0.049,-0.315,3520
19.500,0.3,63.565,4.247,-17.065,1.5175,0.101,-0.407,3642,,,,,,,,,,19.500,0.0,61.488,0.989,-12.799,1.4679,0.024,-0.306,3523
19.550,0.3,63.757,3.956,-4.266,1.5221,0.094,-0.102,3653,,,,,,,,,,19.550,0.0,61.488,0.524,-6.593,1.4679,0.012,-0.157,3523
19.600,0.3,64.019,3.607,15.708,1.5283,0.086,0.375,3668,,,,,,,,,,19.600,0.0,61.523,0.524,-1.939,1.4688,0.012,-0.046,3525
19.650,0.3,64.123,4.596,47.512,1.5308,0.110,1.134,3674,,,,,,,,,,19.650,0.0,61.558,0.524,-0.970,1.4696,0.012,-0.023,3527
19.700,0.3,64.280,8.319,71.365,1.5346,0.199,1.704,3683,,,,,,,,,,19.700,0.0,61.575,0.407,-0.194,1.4700,0.010,-0.005,3528
19.750,0.3,64.874,13.497,56.238,1.5487,0.322,1.343,3717,,,,,,,,,,19.750,0.0,61.593,0.349,3.297,1.4704,0.008,0.079,3529
19.800,0.4,65.764,16.115,-0.194,1.5700,0.385,-0.005,3768,,,,,,,,,,19.800,0.0,61.610,0.640,8.533,1.4708,0.015,0.204,3530
19.850,0.6,66.689,13.672,-61.862,1.5921,0.326,-1.477,3821,,,,,,,,,,19.850,0.0,61.628,1.280,11.829,1.4713,0.031,0.282,3531
19.900,3.7,67.300,8.087,-87.654,1.6067,0.193,-2.093,3856,,,,,,,,,,19.900,0.0,61.732,2.036,9.502,1.4737,0.049,0.227,3537
19.950,4.0,67.440,2.967,-69.037,1.6100,0.071,-1.648,3864,,,,,,,,,,19.950,0.0,61.854,2.502,1.939,1.4767,0.060,0.046,3544
20.000,4.0,67.440,0.524,-27.925,1.6100,0.012,-0.667,3864,,,,,,,,,,20.000,0.0,61.994,2.269,-5.818,1.4800,0.054,-0.139,3552
20.050,4.0,67.440,0.524,12.023,1.6100,0.012,0.287,3864,,,,,,,,,,20.050,0.1,62.116,1.629,-7.175,1.4829,0.039,-0.171,3559
20.100,4.0,67.457,2.153,38.203,1.6104,0.051,0.912,3865,,,,,,,,,,20.100,0.1,62.151,1.164,-0.388,1.4838,0.028,-0.009,3561
20.150,4.0,67.579,4.945,45.572,1.6133,0.118,1.088,3872,,,,,,,,,,20.150,0.1,62.186,1.454,8.727,1.4846,0.035,0.208,3563
20.200,3.7,67.946,7.563,32.967,1.6221,0.181,0.787,3893,,,,,,,,,,20.200,0.1,62.273,2.327,13.187,1.4867,0.056,0.315,3568
20.250,0.8,68.434,8.785,6.981,1.6337,0.210,0.167,3921,,,,,,,,,,20.250,0.1,62.430,3.083,11.829,1.4904,0.074,0.282,3577
20.300,0.5,68.871,8.203,-18.811,1.6442,0.196,-0.449,3946,,,,,,,,,,20.300,0.1,62.605,3.491,8.921,1.4946,0.083,0.213,3587
20.350,0.4,69.290,6.400,-32.192,1.6542,0.153,-0.769,3970,,,,,,,,,,20.350,0.1,62.779,3.840,6.400,1.4987,0.092,0.153,3597
20.400,0.4,69.551,4.305,-26.762,1.6604,0.103,-0.639,3985,,,,,,,,,,20.400,0.1,62.971,4.247,2.133,1.5033,0.101,0.051,3608
20.450,0.4,69.674,3.025,-5.236,1.6633,0.072,-0.125,3992,,,,,,,,,,20.450,0.1,63.216,4.247,-4.654,1.5092,0.101,-0.111,3622
20.500,0.4,69.778,3.549,19.393,1.6658,0.085,0.463,3998,,,,,,,,,,20.500,0.1,63.443,3.723,-9.696,1.5146,0.089,-0.231,3635
20.550,0.4,69.970,5.585,30.446,1.6704,0.133,0.727,4009,,,,,,,,,,20.550,0.1,63.582,2.967,-7.757,1.5179,0.071,-0.185,3643
20.600,0.3,70.319,7.563,23.077,1.6788,0.181,0.551,4029,,,,,,,,,,20.600,0.1,63.722,2.618,0.388,1.5213,0.062,0.009,3651
20.650,0.3,70.808,8.145,9.890,1.6904,0.194,0.236,4057,,,,,,,,,,20.650,0.1,63.827,3.025,9.890,1.5238,0.072,0.236,3657
20.700,0.3,71.209,7.912,8.339,1.7000,0.189,0.199,4080,,,,,,,,,,20.700,0.1,63.984,3.782,14.157,1.5275,0.090,0.338,3666
20.750,0.3,71.524,8.203,22.301,1.7075,0.196,0.532,4098,,,,,,,,,,20.750,0.1,64.228,4.771,10.278,1.5333,0.114,0.245,3680
20.800,0.3,71.977,10.007,40.918,1.7183,0.239,0.977,4124,,,,,,,,,,20.800,0.1,64.455,5.120,0.776,1.5387,0.122,0.019,3693
20.850,0.3,72.501,12.741,53.136,1.7308,0.304,1.269,4154,,,,,,,,,,20.850,0.1,64.787,4.771,-9.114,1.5467,0.114,-0.218,3712
20.900,0.3,73.234,15.650,53.523,1.7483,0.374,1.278,4196,,,,,,,,,,20.900,0.1,64.961,4.014,-13.187,1.5508,0.096,-0.315,3722
20.950,0.3,74.089,18.500,40.143,1.7687,0.442,0.958,4245,,,,,,,,,,20.950,0.1,65.153,3.142,-10.472,1.5554,0.075,-0.250,3733
21.000,0.3,75.084,20.304,11.829,1.7925,0.485,0.282,4302,,,,,,,,,,21.000,0.1,65.293,2.793,-3.297,1.5587,0.067,-0.079,3741
21.050,0.3,76.201,20.129,-24.629,1.8192,0.481,-0.588,4366,,,,,,,,,,21.050,0.1,65.397,2.851,3.103,1.5612,0.068,0.074,3747
21.100,0.3,77.213,17.570,-52.942,1.8433,0.419,-1.264,4424,,,,,,,,,,21.100,0.1,65.555,3.316,3.491,1.5650,0.079,0.083,3756
21.150,0.8,77.999,13.846,-61.280,1.8621,0.331,-1.463,4469,,,,,,,,,,21.150,0.0,65.747,3.549,-2.133,1.5696,0.085,-0.051,3767
21.200,0.5,78.557,10.705,-51.196,1.8754,0.256,-1.222,4501,,,,,,,,,,21.200,0.0,65.939,3.142,-9.114,1.5742,0.075,-0.218,3778
21.250,0.3,79.011,8.610,-33.161,1.8863,0.206,-0.792,4527,,,,,,,,,,21.250,0.0,66.078,2.385,-11.829,1.5775,0.057,-0.282,3786
21.300,0.3,79.412,7.447,-14.350,1.8958,0.178,-0.343,4550,,,,,,,,,,21.300,0.0,66.165,1.745,-8.921,1.5796,0.042,-0.213,3791
21.350,0.3,79.727,7.156,4.654,1.9033,0.171,0.111,4568,,,,,,,,,,21.350,0.0,66.235,1.396,-3.103,1.5812,0.033,-0.074,3795
21.400,0.3,80.076,7.854,22.108,1.9117,0.188,0.528,4588,,,,,,,,,,21.400,0.0,66.305,1.454,1.745,1.5829,0.035,0.042,3799
21.450,0.3,80.495,9.599,31.222,1.9217,0.229,0.745,4612,,,,,,,,,,21.450,0.0,66.357,1.745,2.909,1.5842,0.042,0.069,3802
21.500,0.3,81.001,11.636,27.731,1.9337,0.278,0.662,4641,,,,,,,,,,21.500,0.0,66.480,1.920,0.970,1.5871,0.046,0.023,3809
21.550,0.3,81.681,12.741,19.780,1.9500,0.304,0.472,4680,,,,,,,,,,21.550,0.0,66.584,1.804,0.582,1.5896,0.043,0.014,3815
21.600,0.3,82.380,13.032,26.180,1.9667,0.311,0.625,4720,,,,,,,,,,21.600,0.0,66.654,1.687,3.297,1.5912,0.040,0.079,3819
21.650,0.3,82.938,14.137,54.105,1.9800,0.337,1.292,4752,,,,,,,,,,21.650,0.0,66.724,2.153,4.460,1.5929,0.051,0.106,3823
21.700,0.3,83.654,18.093,83.000,1.9971,0.432,1.981,4793,,,,,,,,,,21.700,0.0,66.846,2.560,-0.582,1.5958,0.061,-0.014,3830
21.750,0.3,84.648,23.911,79.122,2.0208,0.571,1.889,4850,,,,,,,,,,21.750,0.0,67.038,2.269,-8.339,1.6004,0.054,-0.199,3841
21.800,0.3,86.097,28.158,25.598,2.0554,0.672,0.611,4933,,,,,,,,,,21.800,0.1,67.108,1.396,-9.502,1.6021,0.033,-0.227,3845
21.850,0.3,87.668,27.809,-57.208,2.0929,0.664,-1.366,5023,,,,,,,,,,21.850,0.1,67.143,0.814,-1.745,1.6029,0.019,-0.042,3847
21.900,0.2,89.082,21.875,-125.470,2.1267,0.522,-2.995,5104,,,,,,,,,,21.900,0.1,67.160,1.164,8.339,1.6033,0.028,0.199,3848
21.950,0.2,90.007,13.032,-144.087,2.1487,0.311,-3.440,5157,,,,,,,,,,21.950,0.1,67.230,1.978,13.575,1.6050,0.047,0.324,3852
22.000,0.2,90.321,5.294,-112.283,2.1562,0.126,-2.681,5175,,,,,,,,,,22.000,0.1,67.370,2.734,14.350,1.6083,0.065,0.343,3860
22.050,0.2,90.338,1.164,-60.893,2.1567,0.028,-1.454,5176,,,,,,,,,,22.050,0.1,67.527,3.316,16.872,1.6121,0.079,0.403,3869
22.100,0.2,90.338,0.058,-21.332,2.1567,0.001,-0.509,5176,,,,,,,,,,22.100,0.1,67.684,4.131,21.914,1.6158,0.099,0.523,3878
22.150,0.2,90.338,0.000,-3.491,2.1567,0.000,-0.083,5176,,,,,,,,,,22.150,0.2,67.911,5.643,21.914,1.6212,0.135,0.523,3891
22.200,0.2,90.338,0.058,2.327,2.1567,0.001,0.056,5176,,,,,,,,,,22.200,0.6,68.225,6.981,9.696,1.6288,0.167,0.231,3909
22.250,0.2,90.338,0.116,12.605,2.1567,0.003,0.301,5176,,,,,,,,,,22.250,0.6,68.679,7.039,-10.860,1.6396,0.168,-0.259,3935
22.300,0.2,90.356,0.640,34.907,2.1571,0.015,0.833,5177,,,,,,,,,,22.300,0.5,69.010,5.643,-24.822,1.6475,0.135,-0.593,3954
22.350,0.2,90.356,3.200,61.474,2.1571,0.076,1.468,5177,,,,,,,,,,22.350,0.1,69.237,3.723,-20.168,1.6529,0.089,-0.481,3967
22.400,0.2,90.513,7.447,74.080,2.1608,0.178,1.769,5186,,,,,,,,,,22.400,0.1,69.359,2.851,2.715,1.6558,0.068,0.065,3974
22.450,0.2,91.141,11.752,60.699,2.1758,0.281,1.449,5222,,,,,,,,,,22.450,0.0,69.447,3.782,30.640,1.6579,0.090,0.731,3979
22.500,0.2,91.804,14.312,31.028,2.1917,0.342,0.741,5260,,,,,,,,,,22.500,0.0,69.656,6.400,46.348,1.6629,0.153,1.106,3991
22.550,0.2,92.590,14.544,5.430,2.2104,0.347,0.130,5305,,,,,,,,,,22.550,0.0,70.075,9.367,41.112,1.6729,0.224,0.981,4015
22.600,0.2,93.358,13.963,-2.521,2.2287,0.333,-0.060,5349,,,,,,,,,,22.600,0.0,70.651,11.170,19.780,1.6867,0.267,0.472,4048
22.650,0.2,93.951,13.730,3.103,2.2429,0.328,0.074,5383,,,,,,,,,,22.650,0.1,71.262,11.345,-5.236,1.7012,0.271,-0.125,4083
22.700,0.2,94.632,14.370,5.430,2.2592,0.343,0.130,5422,,,,,,,,,,22.700,0.2,71.820,10.356,-25.404,1.7146,0.247,-0.606,4115
22.750,0.2,95.435,15.068,-2.909,2.2783,0.360,-0.069,5468,,,,,,,,,,22.750,0.2,72.309,8.610,-38.203,1.7262,0.206,-0.912,4143
22.800,0.2,96.185,14.254,-11.829,2.2962,0.340,-0.282,5511,,,,,,,,,,22.800,0.1,72.710,6.283,-41.112,1.7358,0.150,-0.981,4166
22.850,0.2,96.918,12.974,-10.472,2.3137,0.310,-0.250,5553,,,,,,,,,,22.850,0.3,72.955,3.956,-32.192,1.7417,0.094,-0.769,4180
22.900,0.2,97.424,12.915,-7.175,2.3258,0.308,-0.171,5582,,,,,,,,,,22.900,0.4,73.059,2.676,-17.259,1.7442,0.064,-0.412,4186
22.950,0.2,98.087,13.265,-19.974,2.3417,0.317,-0.477,5620,,,,,,,,,,22.950,0.4,73.147,2.560,-7.951,1.7462,0.061,-0.190,4191
23.000,0.2,98.890,11.810,-45.379,2.3608,0.282,-1.083,5666,,,,,,,,,,23.000,0.4,73.321,2.502,-9.308,1.7504,0.060,-0.222,4201
23.050,0.2,99.431,8.087,-60.699,2.3737,0.193,-1.449,5697,,,,,,,,,,23.050,0.4,73.461,1.745,-13.769,1.7538,0.042,-0.329,4209
23.100,0.2,99.623,4.480,-53.523,2.3783,0.107,-1.278,5708,,,,,,,,,,23.100,0.4,73.496,0.698,-10.860,1.7546,0.017,-0.259,4211
23.150,0.2,99.780,2.385,-32.192,2.3821,0.057,-0.769,5717,,,,,,,,,,23.150,0.4,73.496,0.233,1.357,1.7546,0.006,0.032,4211
23.200,0.2,99.885,1.454,-9.308,2.3846,0.035,-0.222,5723,,,,,,,,,,23.200,0.4,73.496,0.756,15.708,1.7546,0.018,0.375,4211
23.250,0.2,99.885,1.454,11.829,2.3846,0.035,0.282,5723,,,,,,,,,,23.250,0.4,73.531,2.094,23.271,1.7554,0.050,0.556,4213
23.300,0.2,99.955,2.618,32.967,2.3862,0.063,0.787,5727,,,,,,,,,,23.300,0.4,73.688,3.549,21.332,1.7592,0.085,0.509,4222
23.350,0.2,100.147,4.771,53.717,2.3908,0.114,1.282,5738,,,,,,,,,,23.350,0.3,73.932,4.422,15.126,1.7650,0.106,0.361,4236
23.400,0.2,100.409,8.029,66.129,2.3971,0.192,1.579,5753,,,,,,,,,,23.400,0.1,74.159,4.829,10.860,1.7704,0.115,0.259,4249
23.450,0.2,100.863,12.159,54.881,2.4079,0.290,1.310,5779,,,,,,,,,,23.450,0.1,74.386,5.352,7.369,1.7758,0.128,0.176,4262
23.500,0.2,101.648,15.068,11.829,2.4267,0.360,0.282,5824,,,,,,,,,,23.500,0.1,74.683,5.876,-0.582,1.7829,0.140,-0.014,4279
23.550,0.3,102.556,14.195,-44.797,2.4483,0.339,-1.069,5876,,,,,,,,,,23.550,0.1,75.014,5.585,-11.636,1.7908,0.133,-0.278,4298
23.600,0.4,103.236,9.541,-80.091,2.4646,0.228,-1.912,5915,,,,,,,,,,23.600,0.0,75.293,4.422,-16.678,1.7975,0.106,-0.398,4314
23.650,0.4,103.533,4.247,-75.825,2.4717,0.101,-1.810,5932,,,,,,,,,,23.650,0.0,75.451,3.316,-12.023,1.8012,0.079,-0.287,4323
23.700,0.4,103.533,0.989,-46.154,2.4717,0.024,-1.102,5932,,,,,,,,,,23.700,0.0,75.573,3.142,-5.042,1.8042,0.075,-0.120,4330
23.750,0.4,103.533,0.000,-18.035,2.4717,0.000,-0.431,5932,,,,,,,,,,23.750,0.0,75.730,3.258,-1.939,1.8079,0.078,-0.046,4339
23.800,0.4,103.533,-0.058,-4.072,2.4717,-0.001,-0.097,5932,,,,,,,,,,23.800,0.0,75.957,2.967,1.939,1.8133,0.071,0.046,4352
23.850,0.4,103.533,-0.116,-0.388,2.4717,-0.003,-0.009,5932,,,,,,,,,,23.850,0.0,76.044,2.909,14.157,1.8154,0.069,0.338,4357
23.900,0.4,103.515,-0.116,0.388,2.4712,-0.003,0.009,5931,,,,,,,,,,23.900,0.0,76.149,4.072,29.865,1.8179,0.097,0.713,4363
23.950,0.4,103.515,-0.058,0.776,2.4712,-0.001,0.019,5931,,,,,,,,,,23.950,0.0,76.411,6.400,35.682,1.8242,0.153,0.852,4378
24.000,0.4,103.515,0.000,0.582,2.4712,0.000,0.014,5931,,,,,,,,,,24.000,0.0,76.812,8.436,24.047,1.8337,0.201,0.574,4401
24.050,0.4,103.515,0.000,0.194,2.4712,0.000,0.005,5931,,,,,,,,,,24.050,0.0,77.301,9.250,-1.357,1.8454,0.221,-0.032,4429
24.100,0.4,103.515,0.000,0.000,2.4712,0.000,0.000,5931,,,,,,,,,,24.100,0.0,77.789,8.436,-28.895,1.8571,0.201,-0.690,4457
24.150,0.4,103.515,0.000,0.000,2.4712,0.000,0.000,5931,,,,,,,,,,24.150,0.0,78.208,5.992,-45.960,1.8671,0.143,-1.097,4481
24.200,0.4,103.515,0.000,0.000,2.4712,0.000,0.000,5931,,,,,,,,,,24.200,0.0,78.435,3.025,-44.991,1.8725,0.072,-1.074,4494
24.250,0.4,103.515,0.000,0.000,2.4712,0.000,0.000,5931,,,,,,,,,,24.250,0.0,78.453,0.873,-29.865,1.8729,0.021,-0.713,4495
24.300,0.4,103.515,0.000,0.000,2.4712,0.000,0.000,5931,,,,,,,,,,24.300,0.0,78.453,0.058,-12.023,1.8729,0.001,-0.287,4495
24.350,0.4,103.515,0.000,0.000,2.4712,0.000,0.000,5931,,,,,,,,,,24.350,0.0,78.453,0.000,1.551,1.8729,0.000,0.037,4495
24.400,0.4,103.515,0.000,0.000,2.4712,0.000,0.000,5931,,,,,,,,,,24.400,0.0,78.453,0.291,10.666,1.8729,0.007,0.255,4495
24.450,0.4,103.515,0.000,0.000,2.4712,0.000,0.000,5931,,,,,,,,,,24.450,0.0,78.453,1.105,16.484,1.8729,0.026,0.394,4495
24.500,0.4,103.515,0.000,0.000,2.4712,0.000,0.000,5931,,,,,,,,,,24.500,0.0,78.540,2.153,19.974,1.8750,0.051,0.477,4500
24.550,0.4,103.515,0.000,0.000,2.4712,0.000,0.000,5931,,,,,,,,,,24.550,0.0,78.697,3.083,24.822,1.8788,0.074,0.593,4509
24.600,0.4,103.515,0.000,0.000,2.4712,0.000,0.000,5931,,,,,,,,,,24.600,0.0,78.854,4.305,32.386,1.8825,0.103,0.773,4518
24.650,0.4,103.515,0.000,0.194,2.4712,0.000,0.005,5931,,,,,,,,,,24.650,0.0,79.063,6.400,34.713,1.8875,0.153,0.829,4530
24.700,0.4,103.515,0.000,0.582,2.4712,0.000,0.014,5931,,,,,,,,,,24.700,0.0,79.465,8.552,22.108,1.8971,0.204,0.528,4553
24.750,0.4,103.515,0.058,0.776,2.4712,0.001,0.019,5931,,,,,,,,,,24.750,0.0,80.006,9.250,-2.521,1.9100,0.221,-0.060,4584
24.800,0.4,103.515,0.116,0.776,2.4712,0.003,0.019,5931,,,,,,,,,,24.800,0.0,80.477,8.087,-24.047,1.9213,0.193,-0.574,4611
24.850,0.4,103.533,0.116,1.551,2.4717,0.003,0.037,5932,,,,,,,,,,24.850,0.0,80.826,6.109,-31.610,1.9296,0.146,-0.755,4631
24.900,0.4,103.533,0.175,7.175,2.4717,0.004,0.171,5932,,,,,,,,,,24.900,0.0,81.071,4.480,-25.986,1.9354,0.107,-0.620,4645
24.950,0.4,103.533,0.465,25.404,2.4717,0.011,0.606,5932,,,,,,,,,,24.950,0.0,81.245,3.374,-15.126,1.9396,0.081,-0.361,4655
25.000,0.4,103.568,1.920,58.565,2.4725,0.046,1.398,5934,,,,,,,,,,25.000,0.0,81.402,3.025,-6.400,1.9433,0.072,-0.153,4664
25.050,0.4,103.638,5.992,90.757,2.4742,0.143,2.167,5938,,,,,,,,,,25.050,0.0,81.507,3.025,-3.297,1.9458,0.072,-0.079,4670
25.100,0.4,104.004,12.217,90.757,2.4829,0.292,2.167,5959,,,,,,,,,,25.100,0.0,81.716,2.909,-5.042,1.9508,0.069,-0.120,4682
25.150,0.5,104.894,17.395,41.888,2.5042,0.415,1.000,6010,,,,,,,,,,25.150,0.0,81.838,2.502,-6.206,1.9538,0.060,-0.148,4689
25.200,0.5,105.976,17.744,-32.773,2.5300,0.424,-0.782,6072,,,,,,,,,,25.200,0.0,81.943,2.036,-4.266,1.9562,0.049,-0.102,4695
25.250,0.4,106.884,13.032,-87.073,2.5517,0.311,-2.079,6124,,,,,,,,,,25.250,0.0,82.030,2.036,-1.745,1.9583,0.049,-0.042,4700
25.300,0.4,107.338,6.749,-93.084,2.5625,0.161,-2.222,6150,,,,,,,,,,25.300,0.0,82.135,2.094,-2.327,1.9608,0.050,-0.056,4706
25.350,0.4,107.442,2.269,-62.250,2.5650,0.054,-1.486,6156,,,,,,,,,,25.350,0.0,82.257,1.920,-5.624,1.9637,0.046,-0.134,4713
25.400,0.4,107.442,0.582,-22.301,2.5650,0.014,-0.532,6156,,,,,,,,,,25.400,0.0,82.345,1.454,-6.206,1.9658,0.035,-0.148,4718
25.450,0.4,107.460,0.524,14.157,2.5654,0.012,0.338,6157,,,,,,,,,,25.450,0.0,82.397,0.989,-0.582,1.9671,0.024,-0.014,4721
25.500,0.4,107.495,1.804,49.257,2.5662,0.043,1.176,6159,,,,,,,,,,25.500,0.0,82.432,1.164,9.114,1.9679,0.028,0.218,4723
25.550,0.3,107.547,5.294,76.601,2.5675,0.126,1.829,6162,,,,,,,,,,25.550,0.0,82.467,2.036,16.678,1.9687,0.049,0.398,4725
25.600,0.3,107.896,10.588,74.855,2.5758,0.253,1.787,6182,,,,,,,,,,25.600,0.0,82.624,3.142,16.872,1.9725,0.075,0.403,4734
25.650,0.3,108.647,14.719,32.579,2.5937,0.351,0.778,6225,,,,,,,,,,25.650,0.0,82.816,4.014,10.278,1.9771,0.096,0.245,4745
25.700,0.3,109.572,14.835,-29.865,2.6158,0.354,-0.713,6278,,,,,,,,,,25.700,0.0,83.025,4.247,1.939,1.9821,0.101,0.046,4757
25.750,0.3,110.287,10.821,-74.080,2.6329,0.258,-1.769,6319,,,,,,,,,,25.750,0.0,83.270,4.014,-2.521,1.9879,0.096,-0.060,4771
25.800,0.3,110.706,5.527,-77.958,2.6429,0.132,-1.861,6343,,,,,,,,,,25.800,0.0,83.444,3.723,-0.388,1.9921,0.089,-0.009,4781
25.850,0.3,110.759,1.804,-48.675,2.6442,0.043,-1.162,6346,,,,,,,,,,25.850,0.0,83.601,3.782,6.206,1.9958,0.090,0.148,4790
25.900,0.3,110.759,0.465,-9.114,2.6442,0.011,-0.218,6346,,,,,,,,,,25.900,0.0,83.811,4.363,13.381,2.0008,0.104,0.319,4802
25.950,0.3,110.776,1.280,21.332,2.6446,0.031,0.509,6347,,,,,,,,,,25.950,0.0,84.038,5.236,17.841,2.0062,0.125,0.426,4815
26.000,0.3,110.828,3.316,32.192,2.6458,0.079,0.769,6350,,,,,,,,,,26.000,0.0,84.317,6.283,16.484,2.0129,0.150,0.394,4831
26.050,0.3,111.073,5.352,22.108,2.6517,0.128,0.528,6364,,,,,,,,,,26.050,0.0,84.666,7.214,6.012,2.0212,0.172,0.144,4851
26.100,0.3,111.457,6.050,1.551,2.6608,0.144,0.037,6386,,,,,,,,,,26.100,0.0,85.067,7.330,-12.993,2.0308,0.175,-0.310,4874
26.150,0.2,111.753,5.178,-13.963,2.6679,0.124,-0.333,6403,,,,,,,,,,26.150,0.0,85.451,5.992,-31.804,2.0400,0.143,-0.759,4896
26.200,0.2,111.963,3.956,-17.065,2.6729,0.094,-0.407,6415,,,,,,,,,,26.200,0.0,85.731,3.607,-38.979,2.0467,0.086,-0.931,4912
26.250,0.2,112.120,3.258,-13.381,2.6767,0.078,-0.319,6424,,,,,,,,,,26.250,0.0,85.800,1.396,-31.222,2.0483,0.033,-0.745,4916
26.300,0.2,112.277,2.851,-11.829,2.6804,0.068,-0.282,6433,,,,,,,,,,26.300,0.0,85.800,0.233,-16.678,2.0483,0.006,-0.398,4916
26.350,0.2,112.417,2.269,-13.769,2.6837,0.054,-0.329,6441,,,,,,,,,,26.350,0.0,85.800,0.000,-5.430,2.0483,0.000,-0.130,4916
26.400,0.2,112.521,1.396,-14.738,2.6862,0.033,-0.352,6447,,,,,,,,,,26.400,0.0,85.800,0.000,-0.776,2.0483,0.000,-0.019,4916
26.450,0.2,112.556,0.582,-11.829,2.6871,0.014,-0.282,6449,,,,,,,,,,26.450,0.0,85.800,0.000,0.000,2.0483,0.000,0.000,4916
26.500,0.2,112.556,0.116,-6.400,2.6871,0.003,-0.153,6449,,,,,,,,,,26.500,0.0,85.800,0.000,0.000,2.0483,0.000,0.000,4916
26.550,0.2,112.556,0.000,-1.745,2.6871,0.000,-0.042,6449,,,,,,,,,,26.550,0.0,85.800,0.000,0.000,2.0483,0.000,0.000,4916
26.600,0.2,112.556,0.058,0.582,2.6871,0.001,0.014,6449,,,,,,,,,,26.600,0.0,85.800,0.000,0.000,2.0483,0.000,0.000,4916
26.650,0.2,112.556,0.116,0.970,2.6871,0.003,0.023,6449,,,,,,,,,,26.650,0.0,85.800,0.000,0.000,2.0483,0.000,0.000,4916
26.700,0.2,112.574,0.175,0.388,2.6875,0.004,0.009,6450,,,,,,,,,,26.700,0.0,85.800,0.000,0.000,2.0483,0.000,0.000,4916
26.750,0.2,112.574,0.175,-0.388,2.6875,0.004,-0.009,6450,,,,,,,,,,26.750,0.0,85.800,0.000,0.000,2.0483,0.000,0.000,4916
26.800,0.2,112.591,0.116,-0.970,2.6879,0.003,-0.023,6451,,,,,,,,,,26.800,0.0,85.800,0.000,0.000,2.0483,0.000,0.000,4916
26.850,0.2,112.591,0.058,-0.970,2.6879,0.001,-0.023,6451,,,,,,,,,,26.850,0.0,85.800,0.000,0.000,2.0483,0.000,0.000,4916
26.900,0.2,112.591,0.000,-0.582,2.6879,0.000,-0.014,6451,,,,,,,,,,26.900,0.0,85.800,0.000,0.000,2.0483,0.000,0.000,4916
26.950,0.2,112.591,0.000,-0.194,2.6879,0.000,-0.005,6451,,,,,,,,,,26.950,0.0,85.800,0.000,0.000,2.0483,0.000,0.000,4916
27.000,0.2,112.591,0.000,0.000,2.6879,0.000,0.000,6451,,,,,,,,,,27.000,0.0,85.800,0.000,0.000,2.0483,0.000,0.000,4916
27.050,0.2,112.591,0.000,-0.194,2.6879,0.000,-0.005,6451,,,,,,,,,,27.050,0.0,85.800,0.000,0.000,2.0483,0.000,0.000,4916
27.100,0.2,112.591,0.000,-0.582,2.6879,0.000,-0.014,6451,,,,,,,,,,27.100,0.0,85.800,0.000,0.000,2.0483,0.000,0.000,4916
27.150,0.2,112.591,-0.058,-0.776,2.6879,-0.001,-0.019,6451,,,,,,,,,,27.150,0.0,85.800,0.000,-0.194,2.0483,0.000,-0.005,4916
27.200,0.2,112.591,-0.116,-0.388,2.6879,-0.003,-0.009,6451,,,,,,,,,,27.200,0.0,85.800,0.000,-0.582,2.0483,0.000,-0.014,4916
27.250,0.2,112.574,-0.116,0.388,2.6875,-0.003,0.009,6450,,,,,,,,,,27.250,0.0,85.800,-0.058,-0.776,2.0483,-0.001,-0.019,4916
27.300,0.2,112.574,-0.058,0.776,2.6875,-0.001,0.019,6450,,,,,,,,,,27.300,0.0,85.800,-0.116,-0.388,2.0483,-0.003,-0.009,4916
27.350,0.2,112.574,0.000,0.582,2.6875,0.000,0.014,6450,,,,,,,,,,27.350,0.0,85.783,-0.116,0.388,2.0479,-0.003,0.009,4915
27.400,0.2,112.574,0.000,0.194,2.6875,0.000,0.005,6450,,,,,,,,,,27.400,0.0,85.783,-0.058,0.776,2.0479,-0.001,0.019,4915
27.450,0.2,112.574,0.000,0.000,2.6875,0.000,0.000,6450,,,,,,,,,,27.450,0.0,85.783,0.000,0.582,2.0479,0.000,0.014,4915
27.500,0.2,112.574,0.000,-0.194,2.6875,0.000,-0.005,6450,,,,,,,,,,27.500,0.0,85.783,0.000,0.194,2.0479,0.000,0.005,4915
27.550,0.2,112.574,0.000,-0.582,2.6875,0.000,-0.014,6450,,,,,,,,,,27.550,0.0,85.783,0.000,0.000,2.0479,0.000,0.000,4915
27.600,0.2,112.574,-0.058,-0.776,2.6875,-0.001,-0.019,6450,,,,,,,,,,27.600,0.0,85.783,0.000,0.000,2.0479,0.000,0.000,4915
27.650,0.2,112.574,-0.116,-0.194,2.6875,-0.003,-0.005,6450,,,,,,,,,,27.650,0.0,85.783,0.000,0.000,2.0479,0.000,0.000,4915
27.700,0.2,112.556,-0.116,,2.6871,-0.003,,6449,,,,,,,,,,27.700,0.0,85.783,0.000,0.000,2.0479,0.000,0.000,4915
27.750,0.2,112.556,0.000,,2.6871,0.000,,6449,,,,,,,,,,27.750,0.0,85.783,0.000,0.000,2.0479,0.000,0.000,4915
27.800,0.2,112.556,,,2.6871,,,6449,,,,,,,,,,27.800,0.0,85.783,0.000,0.000,2.0479,0.000,0.000,4915
,,,,,,,,,,,,,,,,,,27.850,0.0,85.783,0.000,0.000,2.0479,0.000,0.000,4915
,,,,,,,,,,,,,,,,,,27.900,0.0,85.783,0.000,0.000,2.0479,0.000,0.000,4915
,,,,,,,,,,,,,,,,,,27.950,0.0,85.783,0.000,0.000,2.0479,0.000,0.000,4915
,,,,,,,,,,,,,,,,,,28.000,0.0,85.783,0.000,0.000,2.0479,0.000,0.000,4915
,,,,,,,,,,,,,,,,,,28.050,0.0,85.783,0.000,0.000,2.0479,0.000,0.000,4915
,,,,,,,,,,,,,,,,,,28.100,0.0,85.783,0.000,0.000,2.0479,0.000,0.000,4915
,,,,,,,,,,,,,,,,,,28.150,0.0,85.783,0.000,0.000,2.0479,0.000,0.000,4915
,,,,,,,,,,,,,,,,,,28.200,0.0,85.783,0.000,0.000,2.0479,0.000,0.000,4915
,,,,,,,,,,,,,,,,,,28.250,0.0,85.783,0.000,0.000,2.0479,0.000,0.000,4915
,,,,,,,,,,,,,,,,,,28.300,0.0,85.783,0.000,0.000,2.0479,0.000,0.000,4915
,,,,,,,,,,,,,,,,,,28.350,0.0,85.783,0.000,0.000,2.0479,0.000,0.000,4915
,,,,,,,,,,,,,,,,,,28.400,0.0,85.783,0.000,0.000,2.0479,0.000,0.000,4915
,,,,,,,,,,,,,,,,,,28.450,0.0,85.783,0.000,0.000,2.0479,0.000,0.000,4915
,,,,,,,,,,,,,,,,,,28.500,0.0,85.783,0.000,0.000,2.0479,0.000,0.000,4915
,,,,,,,,,,,,,,,,,,28.550,0.0,85.783,0.000,0.000,2.0479,0.000,0.000,4915
,,,,,,,,,,,,,,,,,,28.600,0.0,85.783,0.000,0.000,2.0479,0.000,0.000,4915
,,,,,,,,,,,,,,,,,,28.650,0.0,85.783,0.000,0.000,2.0479,0.000,0.000,4915
,,,,,,,,,,,,,,,,,,28.700,0.0,85.783,0.000,0.000,2.0479,0.000,0.000,4915
,,,,,,,,,,,,,,,,,,28.750,0.0,85.783,0.000,0.000,2.0479,0.000,0.000,4915
,,,,,,,,,,,,,,,,,,28.800,0.0,85.783,0.000,0.000,2.0479,0.000,0.000,4915
,,,,,,,,,,,,,,,,,,28.850,0.0,85.783,0.000,0.000,2.0479,0.000,0.000,4915
,,,,,,,,,,,,,,,,,,28.900,0.0,85.783,0.000,0.000,2.0479,0.000,0.000,4915
,,,,,,,,,,,,,,,,,,28.950,0.0,85.783,0.000,0.000,2.0479,0.000,0.000,4915
,,,,,,,,,,,,,,,,,,29.000,0.0,85.783,0.000,0.000,2.0479,0.000,0.000,4915
,,,,,,,,,,,,,,,,,,29.050,0.0,85.783,0.000,0.000,2.0479,0.000,0.000,4915
,,,,,,,,,,,,,,,,,,29.100,0.0,85.783,0.000,0.000,2.0479,0.000,0.000,4915
,,,,,,,,,,,,,,,,,,29.150,0.0,85.783,0.000,0.000,2.0479,0.000,0.000,4915
,,,,,,,,,,,,,,,,,,29.200,0.0,85.783,0.000,0.000,2.0479,0.000,0.000,4915
,,,,,,,,,,,,,,,,,,29.250,0.0,85.783,0.000,0.000,2.0479,0.000,0.000,4915
,,,,,,,,,,,,,,,,,,29.300,0.0,85.783,0.000,0.000,2.0479,0.000,0.000,4915
,,,,,,,,,,,,,,,,,,29.350,0.0,85.783,0.000,0.000,2.0479,0.000,0.000,4915
,,,,,,,,,,,,,,,,,,29.400,0.0,85.783,0.000,0.000,2.0479,0.000,0.000,4915
,,,,,,,,,,,,,,,,,,29.450,0.0,85.783,0.000,0.000,2.0479,0.000,0.000,4915
,,,,,,,,,,,,,,,,,,29.500,0.0,85.783,0.000,0.000,2.0479,0.000,0.000,4915
,,,,,,,,,,,,,,,,,,29.550,0.0,85.783,0.000,0.000,2.0479,0.000,0.000,4915
,,,,,,,,,,,,,,,,,,29.600,0.0,85.783,0.000,0.000,2.0479,0.000,0.000,4915
,,,,,,,,,,,,,,,,,,29.650,0.0,85.783,0.000,0.000,2.0479,0.000,0.000,4915
,,,,,,,,,,,,,,,,,,29.700,0.0,85.783,0.000,0.000,2.0479,0.000,0.000,4915
,,,,,,,,,,,,,,,,,,29.750,0.0,85.783,0.000,0.000,2.0479,0.000,0.000,4915
,,,,,,,,,,,,,,,,,,29.800,0.0,85.783,0.000,0.000,2.0479,0.000,0.000,4915
,,,,,,,,,,,,,,,,,,29.850,0.0,85.783,0.000,0.000,2.0479,0.000,0.000,4915
,,,,,,,,,,,,,,,,,,29.900,0.0,85.783,0.000,0.000,2.0479,0.000,0.000,4915
,,,,,,,,,,,,,,,,,,29.950,0.0,85.783,0.000,0.000,2.0479,0.000,0.000,4915
,,,,,,,,,,,,,,,,,,30.000,0.0,85.783,0.000,0.000,2.0479,0.000,0.000,4915
,,,,,,,,,,,,,,,,,,30.050,0.0,85.783,0.000,0.000,2.0479,0.000,0.000,4915
,,,,,,,,,,,,,,,,,,30.100,0.0,85.783,0.000,0.000,2.0479,0.000,0.000,4915
,,,,,,,,,,,,,,,,,,30.150,0.0,85.783,0.000,0.000,2.0479,0.000,0.000,4915
,,,,,,,,,,,,,,,,,,30.200,0.0,85.783,0.000,0.000,2.0479,0.000,0.000,4915
,,,,,,,,,,,,,,,,,,30.250,0.0,85.783,0.000,0.000,2.0479,0.000,0.000,4915
,,,,,,,,,,,,,,,,,,30.300,0.0,85.783,0.000,0.000,2.0479,0.000,0.000,4915
,,,,,,,,,,,,,,,,,,30.350,0.0,85.783,0.000,0.000,2.0479,0.000,0.000,4915
,,,,,,,,,,,,,,,,,,30.400,0.0,85.783,0.000,0.000,2.0479,0.000,0.000,4915
,,,,,,,,,,,,,,,,,,30.450,0.0,85.783,0.000,0.000,2.0479,0.000,0.000,4915
,,,,,,,,,,,,,,,,,,30.500,0.0,85.783,0.000,0.000,2.0479,0.000,0.000,4915
,,,,,,,,,,,,,,,,,,30.550,0.0,85.783,0.000,0.000,2.0479,0.000,0.000,4915
,,,,,,,,,,,,,,,,,,30.600,0.0,85.783,0.000,0.000,2.0479,0.000,0.000,4915
,,,,,,,,,,,,,,,,,,30.650,0.0,85.783,0.000,0.000,2.0479,0.000,0.000,4915
,,,,,,,,,,,,,,,,,,30.700,0.0,85.783,0.000,0.000,2.0479,0.000,0.000,4915
,,,,,,,,,,,,,,,,,,30.750,0.0,85.783,0.000,0.000,2.0479,0.000,0.000,4915
,,,,,,,,,,,,,,,,,,30.800,0.0,85.783,0.000,,2.0479,0.000,,4915
,,,,,,,,,,,,,,,,,,30.850,0.0,85.783,0.000,,2.0479,0.000,,4915
,,,,,,,,,,,,,,,,,,30.900,0.0,85.783,,,2.0479,,,4915
